userId	movieId	rating
1	2	3.5
1	29	3.5
1	32	3.5
1	47	3.5
1	50	3.5
1	112	3.5
1	151	4
1	223	4
1	253	4
1	260	4
1	293	4
1	296	4
1	318	4
1	337	3.5
1	367	3.5
1	541	4
1	589	3.5
1	593	3.5
1	653	3
1	919	3.5
1	924	3.5
1	1009	3.5
1	1036	4
1	1079	4
1	1080	3.5
1	1089	3.5
1	1090	4
1	1097	4
1	1136	3.5
1	1193	3.5
1	1196	4.5
1	1198	4.5
1	1200	4
1	1201	3
1	1208	3.5
1	1214	4
1	1215	4
1	1217	3.5
1	1219	4
1	1222	3.5
1	1240	4
1	1243	3
1	1246	3.5
1	1249	4
1	1258	4
1	1259	4
1	1261	3.5
1	1262	3.5
1	1266	4
1	1278	4
1	1291	3.5
1	1304	3
1	1321	4
1	1333	4
1	1348	3.5
1	1350	3.5
1	1358	4
1	1370	3
1	1374	4
1	1387	4
1	1525	3
1	1584	3.5
1	1750	3.5
1	1848	3.5
1	1920	3.5
1	1967	4
1	1994	3.5
1	1997	3.5
1	2021	4
1	2100	4
1	2118	4
1	2138	4
1	2140	4
1	2143	4
1	2173	4
1	2174	4
1	2193	4
1	2194	3.5
1	2253	3.5
1	2288	4
1	2291	4
1	2542	4
1	2628	4
1	2644	3.5
1	2648	3.5
1	2664	3.5
1	2683	3.5
1	2692	3.5
1	2716	3.5
1	2761	3
1	2762	4
1	2804	3.5
1	2872	4
1	2918	3.5
1	2944	4
1	2947	3.5
1	2959	4
1	2968	4
1	3000	3.5
1	3030	3
1	3037	3.5
1	3081	4
1	3153	4
1	3265	3.5
1	3438	3.5
1	3476	3.5
1	3479	4
1	3489	4
1	3499	4
1	3889	4
1	3932	3
1	3996	4
1	3997	3.5
1	4011	4
1	4027	4
1	4105	3.5
1	4128	4
1	4133	3
1	4226	3.5
1	4306	4
1	4446	3.5
1	4467	4
1	4571	4
1	4720	3.5
1	4754	4
1	4878	3.5
1	4896	4
1	4911	4
1	4915	3
1	4941	3.5
1	4980	3.5
1	4993	5
1	5026	4
1	5039	4
1	5040	3
1	5146	3.5
1	5171	4
1	5540	4
1	5679	3.5
1	5797	4
1	5816	4
1	5898	3.5
1	5952	5
1	5999	3.5
1	6093	4
1	6242	3.5
1	6333	4
1	6502	3.5
1	6539	4
1	6754	4
1	6755	3.5
1	6774	4
1	6807	3.5
1	6834	3.5
1	6888	3
1	7001	3.5
1	7045	3.5
1	7046	4
1	7153	5
1	7164	3.5
1	7247	3.5
1	7387	3.5
1	7389	4
1	7438	4
1	7449	3.5
1	7454	4
1	7482	3
1	7757	4
1	8368	4
1	8482	3.5
1	8507	5
1	8636	4.5
1	8690	3.5
1	8961	4
1	31696	4
2	3	4
2	62	5
2	70	5
2	110	4
2	242	3
2	260	5
2	266	5
2	469	3
2	480	5
2	541	5
2	589	5
2	891	2
2	908	4
2	924	5
2	1121	3
2	1196	5
2	1210	5
2	1214	5
2	1249	5
2	1259	5
2	1270	5
2	1327	5
2	1356	5
2	1544	5
2	1580	4
2	1673	4
2	1748	5
2	1965	3
2	1969	2
2	1970	2
2	1971	2
2	1972	2
2	1973	3
2	1974	5
2	1986	2
2	2291	2
2	2454	4
2	2455	4
2	2791	2
2	2858	3
2	2948	5
2	2951	4
2	3150	4
2	3159	3
2	3173	4
2	3450	5
2	3513	5
2	3534	3
2	3555	4
2	3565	3
2	3703	4
2	3753	4
2	3917	4
2	3918	3
2	3923	4
2	3926	4
2	3927	5
2	3928	5
2	3930	5
2	3937	4
2	3959	5
3	1	4
3	24	3
3	32	4
3	50	5
3	160	3
3	173	2
3	175	5
3	196	3
3	223	5
3	260	5
3	316	5
3	318	5
3	329	5
3	337	3
3	440	3
3	442	3
3	457	5
3	480	5
3	490	5
3	512	2
3	541	5
3	589	4
3	593	5
3	610	4
3	718	3
3	780	3
3	788	4
3	858	5
3	904	5
3	905	3
3	919	4
3	924	5
3	953	5
3	968	3
3	1037	3
3	1060	5
3	1073	5
3	1077	4
3	1079	4
3	1084	5
3	1089	5
3	1094	4
3	1097	5
3	1103	4
3	1125	4
3	1127	3
3	1129	5
3	1179	3
3	1188	2
3	1193	4
3	1196	5
3	1197	5
3	1198	5
3	1199	4
3	1200	4
3	1206	5
3	1208	5
3	1210	5
3	1213	5
3	1214	5
3	1215	4
3	1219	4
3	1220	5
3	1221	5
3	1222	5
3	1225	3
3	1228	3
3	1230	5
3	1240	5
3	1242	5
3	1247	5
3	1257	5
3	1258	5
3	1259	5
3	1261	5
3	1266	5
3	1270	5
3	1272	4
3	1276	5
3	1278	5
3	1288	2
3	1304	5
3	1307	4
3	1321	5
3	1330	3
3	1333	4
3	1345	4
3	1356	5
3	1372	3
3	1373	4
3	1374	5
3	1375	5
3	1376	4
3	1396	3
3	1544	4
3	1584	4
3	1603	4
3	1653	4
3	1674	4
3	1676	5
3	1721	4
3	1762	4
3	1779	3
3	1810	3
3	1831	5
3	1876	4
3	1882	4
3	1909	5
3	1917	4
3	1921	4
3	2009	5
3	2011	3
3	2012	3
3	2018	4
3	2028	4
3	2034	4
3	2046	5
3	2053	3
3	2054	4
3	2076	5
3	2093	5
3	2105	4
3	2117	5
3	2118	5
3	2140	4
3	2150	5
3	2236	4
3	2288	5
3	2311	4
3	2329	4
3	2366	4
3	2371	4
3	2391	5
3	2407	4
3	2428	4
3	2448	5
3	2455	4
3	2505	4
3	2528	4
3	2529	5
3	2530	4
3	2531	3
3	2532	4
3	2533	3
3	2541	1
3	2551	4
3	2567	3
3	2571	5
3	2574	3
3	2613	4
3	2615	4
3	2628	5
3	2640	4
3	2642	3
3	2643	1
3	2657	3
3	2662	3
3	2668	4
3	2676	1
3	2694	4
3	2699	3
3	2710	5
3	2722	4
3	2750	4
3	2788	5
3	2791	5
3	2797	4
3	2808	4
3	2857	3
3	2872	5
3	2900	3
3	2901	3
3	2916	4
3	2918	5
3	2947	4
3	2948	4
3	2949	4
3	2968	5
3	2985	5
3	2986	2
3	3033	5
3	3039	5
3	3070	4
3	3072	4
3	3098	4
3	3142	4
3	5060	5
4	6	3
4	10	4
4	19	3
4	32	1
4	165	3
4	329	3
4	350	4
4	356	4
4	367	3
4	368	4
4	370	4
4	377	4
4	380	3
4	420	3
4	431	4
4	440	3
4	454	5
4	480	4
4	489	4
4	519	3
4	520	4
4	531	3
4	548	3
4	586	4
4	589	4
4	594	4
4	596	4
4	733	5
5	2	3
5	11	5
5	17	3
5	60	3
5	62	5
5	104	2
5	110	4
5	140	2
5	141	5
5	150	5
5	224	2
5	235	3
5	260	5
5	282	4
5	316	4
5	318	5
5	350	4
5	364	5
5	367	3
5	368	5
5	370	4
5	376	4
5	377	5
5	380	5
5	440	5
5	454	5
5	457	5
5	475	4
5	480	4
5	491	4
5	500	5
5	508	5
5	515	3
5	529	4
5	531	5
5	587	4
5	588	5
5	589	5
5	590	5
5	593	3
5	594	5
5	595	5
5	608	3
5	631	3
5	648	3
5	671	5
5	708	3
5	720	5
5	736	5
5	780	5
5	788	3
5	832	5
5	1028	5
5	1035	5
5	1036	5
5	1042	4
5	1073	2
5	1079	5
5	1080	5
5	1097	5
5	1136	5
5	1196	5
5	1198	5
5	1210	5
5	1291	5
5	1393	5
6	1	5
6	3	3
6	7	5
6	17	5
6	52	5
6	62	5
6	135	3
6	140	4
6	141	5
6	260	4
6	494	4
6	628	4
6	648	5
6	653	4
6	708	4
6	719	3
6	733	3
6	736	2
6	743	3
6	762	3
6	780	3
6	788	4
6	802	3
6	1073	1
7	3	3
7	7	3
7	11	4
7	15	2
7	16	3
7	17	2
7	24	3
7	105	2
7	122	2
7	151	3
7	252	2
7	260	5
7	271	3
7	276	2
7	316	3
7	339	3
7	348	4
7	351	3
7	355	3
7	356	4
7	357	3
7	362	3
7	364	4
7	377	3
7	425	3
7	440	4
7	480	5
7	509	2
7	539	4
7	553	4
7	587	5
7	589	5
7	590	4
7	597	4
7	674	2
7	708	3
7	736	3
7	750	5
7	780	4
7	788	3
7	806	1
7	852	3
7	880	3
7	899	4
7	908	4
7	912	5
7	914	3
7	920	4
7	922	3
7	924	3
7	928	3
7	932	3
7	952	3
7	1017	4
7	1020	3
7	1077	5
7	1094	3
7	1095	1
7	1097	4
7	1101	3
7	1183	3
7	1196	5
7	1206	2
7	1210	5
7	1230	3
7	1247	4
7	1253	4
7	1256	5
7	1259	3
7	1265	4
7	1270	4
7	1271	4
7	1272	4
7	1301	3
7	1307	3
7	1343	3
7	1357	4
7	1385	4
7	1391	2
7	1393	3
7	1408	3
7	1409	2
7	1441	3
7	1449	4
7	1466	3
7	1513	2
7	1517	3
7	1544	4
7	1573	3
7	1580	3
7	1597	3
7	1617	3
7	1674	4
7	1682	2
7	1721	5
7	1777	4
7	1882	3
7	1888	3
7	1894	3
7	1911	4
7	1917	4
7	1932	3
7	1964	3
7	2011	4
7	2012	4
7	2013	3
7	2018	4
7	2028	5
7	2054	3
7	2067	3
7	2080	4
7	2081	3
7	2108	3
7	2112	3
7	2125	3
7	2146	3
7	2195	2
7	2243	3
7	2266	2
7	2297	3
7	2311	3
7	2316	3
7	2333	3
7	2346	3
7	2363	3
7	2367	3
7	2384	3
7	2385	2
7	2390	4
7	2396	3
7	2403	4
7	2405	4
7	2407	4
7	2424	3
7	2427	3
7	2463	4
7	2468	2
7	2469	3
7	2478	2
7	2498	2
7	2529	4
7	2535	3
7	2546	3
7	2558	3
7	2598	3
7	2628	4
7	2633	3
7	2640	4
7	2641	4
7	2642	3
7	2654	4
7	2657	2
7	2664	4
7	2671	4
7	2683	3
7	2694	3
7	2701	3
7	2716	4
7	2722	3
7	2723	3
7	2734	2
7	2752	4
7	2762	5
7	2770	2
7	2858	3
7	2861	3
7	2881	4
7	2908	4
7	2916	3
7	2942	5
7	2950	3
7	2959	4
7	2968	2
7	2987	4
7	2993	4
7	3004	2
7	3032	2
7	3033	2
7	3037	4
7	3039	3
7	3062	3
7	3074	3
7	3081	2
7	3086	4
7	3103	2
7	3108	3
7	3118	3
7	3156	3
7	3175	2
7	3176	2
7	3179	5
7	3185	3
7	3194	4
7	3199	2
7	3219	2
7	3235	3
7	3244	3
7	3334	3
7	3341	4
7	3354	3
7	3363	4
7	3408	4
7	3417	5
7	3448	4
7	3469	4
7	3479	5
7	3501	3
7	3510	4
7	3512	4
7	3524	4
7	3526	3
7	3527	3
7	3528	2
7	3578	5
7	3593	2
7	3671	4
7	3684	3
7	3699	4
7	3701	3
7	3717	2
7	3753	4
7	3754	2
7	3793	4
7	3798	2
7	3824	2
7	3826	4
7	3827	3
7	3844	3
7	3864	3
7	3911	4
7	3926	3
7	3932	4
7	3959	4
7	3977	4
7	3978	3
7	3987	4
7	3988	4
7	3994	3
7	4018	3
7	4019	4
7	4023	3
7	4041	4
7	4062	3
7	4155	3
7	4186	4
7	4270	3
7	4306	5
7	4308	4
7	4310	3
7	4317	3
7	4339	4
7	4349	3
7	4361	3
7	4368	3
7	4370	2
7	4464	2
7	4503	3
7	4545	4
7	4603	2
7	4626	4
7	4638	4
7	4639	2
7	4643	4
7	4661	2
7	4700	3
7	4736	3
7	4799	5
7	4848	1
7	4867	4
7	4874	4
7	4896	3
7	4963	5
7	4993	4
7	4994	4
7	4995	3
7	5009	3
8	1	4
8	3	5
8	6	3
8	10	4
8	19	1
8	21	4
8	39	3
8	47	5
8	48	4
8	110	5
8	150	4
8	153	3
8	161	4
8	165	3
8	168	3
8	172	1
8	173	3
8	185	2
8	207	4
8	208	3
8	231	3
8	236	4
8	253	4
8	266	5
8	276	3
8	277	4
8	288	5
8	292	4
8	296	5
8	316	2
8	329	3
8	338	2
8	339	4
8	344	3
8	349	5
8	350	4
8	353	3
8	355	2
8	356	5
8	357	4
8	364	4
8	367	3
8	372	4
8	377	4
8	380	4
8	381	4
8	434	5
8	442	4
8	454	4
8	457	5
8	480	4
8	500	4
8	508	3
8	527	5
8	539	4
8	550	4
8	551	4
8	552	3
8	553	5
8	587	4
8	588	3
8	589	5
8	590	5
8	592	4
8	593	5
8	595	3
8	597	5
8	610	4
8	648	5
8	733	4
9	356	4
9	858	5
9	1219	3
9	1911	3
9	1923	4
9	1997	5
9	2279	3
9	2605	2
9	2683	3
9	2688	3
9	2706	4
9	2710	3
9	2719	2
9	2722	2
9	2840	3
9	2841	4
9	2959	5
9	3016	2
9	3785	2
9	3798	5
9	3857	3
9	3908	2
9	3979	3
9	3994	3
9	3999	2
9	4022	4
9	4030	2
9	4034	1
9	4148	5
9	4369	4
9	4483	2
9	4502	1
9	4509	3
9	4519	2
9	4533	3
10	1	4
10	11	4
10	25	4
10	260	4
10	356	3
10	527	5
10	858	5
10	912	4
10	969	4
10	1094	3
10	1136	4
10	1196	4
10	1198	4
10	1204	3
10	1208	4
10	1210	4
10	1221	5
10	1222	3
10	1230	4
10	1240	4
10	1242	4
10	1247	5
10	1250	4
10	1304	3
10	1387	5
10	1721	4
10	1960	3
10	2028	4
10	2058	3
10	2194	4
10	2384	4
10	2529	3
10	2657	4
10	2797	4
10	2944	4
10	2948	4
10	3062	4
10	3107	3
11	1	4.5
11	10	2.5
11	19	3.5
11	32	5
11	39	4.5
11	65	2
11	110	4
11	145	3
11	150	5
11	153	3.5
11	158	4
11	160	4
11	165	4
11	170	5
11	172	5
11	173	5
11	185	4
11	208	4.5
11	231	4
11	253	4.5
11	256	5
11	260	5
11	286	0.5
11	296	3.5
11	316	3.5
11	318	5
11	344	3.5
11	356	5
11	364	4
11	367	4
11	377	4
11	380	5
11	384	3.5
11	405	3.5
11	410	4
11	441	1.5
11	442	4.5
11	480	5
11	500	4.5
11	519	1
11	527	4.5
11	531	4.5
11	541	4.5
11	546	5
11	551	5
11	586	4
11	587	4.5
11	588	5
11	589	4.5
11	592	4.5
11	593	5
11	595	4.5
11	597	4.5
11	608	3.5
11	610	4
11	611	3.5
11	616	4
11	631	2
11	648	4
11	653	4.5
11	671	0.5
11	673	5
11	736	5
11	741	4.5
11	761	3.5
11	780	5
11	784	3.5
11	828	4
11	858	2.5
11	880	5
11	968	5
11	1028	4
11	1029	3.5
11	1032	4
11	1036	4
11	1046	4.5
11	1064	3
11	1073	5
11	1077	0.5
11	1093	3
11	1097	4.5
11	1136	4.5
11	1168	4.5
11	1169	1.5
11	1196	5
11	1197	4
11	1198	4
11	1200	5
11	1210	4.5
11	1213	1.5
11	1214	5
11	1215	3
11	1225	5
11	1240	5
11	1253	4
11	1255	4
11	1270	5
11	1274	5
11	1291	4.5
11	1320	5
11	1321	4
11	1339	5
11	1367	3.5
11	1387	4
11	1391	4
11	1432	1
11	1527	4.5
11	1544	5
11	1580	5
11	1584	4
11	1591	5
11	1653	5
11	1676	4.5
11	1688	3
11	1690	5
11	1721	4
11	1748	5
11	1862	1
11	1876	4.5
11	1882	4
11	1917	5
11	1961	3.5
11	1977	0.5
11	1982	1
11	2004	4.5
11	2011	5
11	2012	5
11	2018	4
11	2023	2
11	2028	5
11	2042	4
11	2105	4.5
11	2107	0.5
11	2123	2.5
11	2124	3.5
11	2134	5
11	2140	5
11	2143	3
11	2153	3.5
11	2232	4.5
11	2240	4.5
11	2291	5
11	2294	3.5
11	2313	4.5
11	2355	4
11	2378	3
11	2396	4.5
11	2420	3
11	2428	5
11	2455	5
11	2571	5
11	2572	5
11	2600	5
11	2628	4.5
11	2641	3
11	2642	4
11	2683	0.5
11	2688	3.5
11	2706	4
11	2716	5
11	2717	4.5
11	2720	4
11	2722	4.5
11	2761	4.5
11	2762	5
11	2793	5
11	2810	3.5
11	2827	4
11	2840	4
11	2858	5
11	2916	5
11	2959	4.5
11	2985	3.5
11	2990	0.5
11	3000	5
11	3033	4
11	3054	4
11	3083	3.5
11	3113	5
11	3114	5
11	3159	5
11	3213	3
11	3247	4.5
11	3269	5
11	3300	4
11	3396	0.5
11	3438	4.5
11	3525	5
11	3527	4.5
11	3535	2
11	3578	4.5
11	3697	4.5
11	3702	4
11	3703	3
11	3704	3.5
11	3745	4.5
11	3752	3.5
11	3753	5
11	3793	5
11	3826	3.5
11	3863	3.5
11	3864	4
11	3892	4
11	3897	4
11	3969	5
11	3980	4
11	3988	4
11	3991	3
11	3994	5
11	4006	2
11	4015	2
11	4052	2.5
11	4054	4
11	4105	2
11	4133	3.5
11	4226	5
11	4232	2.5
11	4235	5
11	4246	3
11	4262	2
11	4299	5
11	4306	4.5
11	4340	4
11	4343	3
11	4366	4.5
11	4370	5
11	4388	5
11	4446	4.5
11	4492	4
11	4533	3.5
11	4571	5
11	4638	5
11	4643	4.5
11	4718	3
11	4792	4
11	4850	3
11	4868	2.5
11	4878	5
11	4887	5
11	4896	5
11	4973	3.5
11	4974	4.5
11	4993	5
11	4995	4
11	5046	4.5
11	5151	4
11	5152	4.5
11	5171	5
11	5219	5
11	5220	3
11	5225	4
11	5266	4.5
11	5283	4
11	5299	4.5
11	5323	3
11	5349	5
11	5377	5
11	5378	4.5
11	5400	3.5
11	5444	4.5
11	5445	4.5
11	5459	5
11	5463	4.5
11	5502	4.5
11	5618	4.5
11	5669	5
11	5782	4
11	5816	5
11	5882	5
11	5903	5
11	5952	5
11	5971	5
11	6016	5
11	6094	4
11	6250	5
11	6264	2.5
11	6281	5
11	6283	2.5
11	6287	1
11	6291	5
11	6294	4
11	6333	5
11	6365	5
11	6377	5
11	6378	3.5
11	6383	3
11	6502	5
11	6503	3.5
11	6534	4
11	6537	3.5
11	6539	5
11	6541	4
11	6548	2.5
11	6586	3
11	6624	2
11	6659	4.5
11	6711	2
11	6731	4.5
11	6795	2.5
11	6863	5
11	6874	4
11	6934	5
11	6953	4.5
11	6979	5
11	6996	4
11	7022	4.5
11	7099	4.5
11	7153	5
11	7163	4.5
11	7173	4.5
11	7254	5
11	7293	4.5
11	7345	2
11	7361	5
11	7439	3.5
11	7444	5
11	7458	4.5
11	7481	5
11	7541	4.5
11	7845	4
11	7846	3.5
11	8169	5
11	8361	4.5
11	8368	4
11	8371	4.5
11	8578	2
11	8622	3.5
11	8636	4.5
11	8640	4
11	8641	3
11	8644	5
11	8800	2
11	8810	5
11	8861	2.5
11	8865	4
11	8870	4.5
11	8907	4
11	8965	5
11	8972	4.5
11	8973	5
11	8977	3.5
11	26462	3
11	26509	5
11	26887	3.5
11	26913	4.5
11	27311	3
11	27338	2
11	27368	4
11	27441	5
11	27608	5
11	27660	5
11	27728	4.5
11	27793	0.5
11	27865	1
11	27904	5
11	30707	5
11	30793	5
11	30812	4
11	31184	5
11	31429	5
11	31553	4
11	31555	5
11	31658	5
11	31660	4.5
11	31878	5
11	32031	3.5
11	32213	4.5
11	33085	5
11	33166	4.5
11	33493	5
11	33585	5
11	33660	4
11	33679	4.5
11	33794	4
11	34048	5
11	34150	4
11	34319	4
11	34334	0.5
11	34338	4
11	34542	5
11	35836	5
11	36401	4
11	36509	3.5
11	36931	4.5
11	37380	2
11	37386	1.5
11	37830	5
11	39446	1.5
11	40339	3
11	41566	4.5
11	41569	5
11	41571	5
11	42718	3.5
11	43419	2
11	43556	5
11	43928	2.5
11	43932	3.5
11	43936	2.5
11	44189	1.5
11	44191	4
11	44225	0.5
11	44731	5
11	44828	0.5
11	44849	4.5
11	45361	5
11	45499	5
11	45722	4.5
11	46530	3
11	46578	5
11	47124	3.5
11	48304	5
11	48394	4.5
11	48516	4.5
11	48738	4
11	48774	4
11	48943	1
11	49205	4.5
11	49278	4.5
11	50162	3.5
11	50442	3
11	50872	4.5
11	51412	4
11	51662	5
11	51666	3
11	51698	3.5
11	52281	4
11	52287	3.5
11	52328	5
11	52722	4.5
11	52885	4.5
11	53000	5
11	53125	4
11	53464	4.5
11	53953	4.5
11	53996	4.5
11	54001	5
11	54278	3
11	54771	4.5
11	54995	4
11	55190	4
11	55232	3
11	55282	2
11	55603	3
11	55999	4.5
11	56003	1
11	56145	5
11	56174	5
11	56251	3
11	56757	5
11	56801	5
11	56949	4
11	57223	1.5
11	57368	3.5
11	57509	3.5
11	57640	4.5
11	57949	5
11	58025	3
11	58293	4.5
11	58559	5
11	58652	5
11	59014	2
11	59315	5
11	59376	0.5
11	59418	5
11	59615	2.5
11	60037	5
11	60040	4
11	60069	5
11	60161	2
11	60514	3.5
11	60516	3
11	60524	4
11	60684	5
11	60760	4.5
11	60832	4.5
11	61248	1.5
11	61465	3
11	62265	4
11	62956	2
11	63859	4.5
11	64034	4.5
11	64497	5
11	64508	0.5
11	64614	4
11	64997	5
11	64999	0.5
11	65037	3
11	65514	4
11	66171	4.5
11	66297	3
11	67197	4
11	67295	4
11	67365	3.5
11	67799	0.5
11	67867	2.5
11	68263	0.5
11	68319	5
11	69526	5
11	69945	4.5
11	70227	2.5
11	70305	0.5
11	71282	5
11	72641	5
11	82095	1
12	1	4
12	3	3
12	5	2
12	6	3
12	7	3
12	17	3
12	32	3
12	34	4
12	36	4
12	95	3
12	104	4
12	110	4
12	208	3
12	231	3
12	260	4
12	344	4
12	356	4
12	364	4
12	376	3
12	380	4
12	480	3
12	494	3
12	527	4
12	585	3
12	589	4
12	590	3
12	595	4
12	608	5
12	648	3
12	653	4
12	733	4
12	736	3
12	780	3
12	784	4
12	786	4
12	788	4
13	1	4
13	2	3
13	10	3
13	11	4
13	19	3
13	32	5
13	34	1
13	39	3
13	47	5
13	95	4
13	110	5
13	150	5
13	153	3
13	160	4
13	161	5
13	165	3
13	173	3
13	185	4
13	225	4
13	231	3
13	236	3
13	253	5
13	266	5
13	282	3
13	292	5
13	296	5
13	300	2
13	315	4
13	316	3
13	317	3
13	318	5
13	339	3
13	344	3
13	349	3
13	350	4
13	356	5
13	357	3
13	364	3
13	367	4
13	377	4
13	380	2
13	410	3
13	420	4
13	432	3
13	434	4
13	435	4
13	442	4
13	457	5
13	474	4
13	480	3
13	500	5
13	508	5
13	509	4
13	527	5
13	539	3
13	553	5
13	588	1
13	589	4
13	590	4
13	592	3
13	595	2
13	597	5
14	1	4.5
14	7	3.5
14	17	5
14	34	3
14	62	4
14	150	5
14	252	4
14	260	4
14	277	4
14	314	4
14	316	3
14	339	4.5
14	344	2
14	356	4
14	364	4.5
14	368	4.5
14	440	4.5
14	452	4.5
14	457	3.5
14	468	3.5
14	471	5
14	480	4
14	497	4.5
14	500	2
14	520	2
14	529	5
14	534	4
14	539	1.5
14	551	2
14	552	3.5
14	586	2.5
14	587	2.5
14	588	4
14	594	3.5
14	595	4.5
14	728	4.5
14	745	4
14	780	3
14	783	3
14	802	3
14	838	4
14	898	4.5
14	899	3.5
14	902	3
14	910	2
14	911	4
14	924	3.5
14	927	3.5
14	951	3.5
14	953	3.5
14	954	4.5
14	955	4.5
14	1010	3.5
14	1013	3.5
14	1020	3
14	1022	4
14	1023	4.5
14	1028	3
14	1042	3.5
14	1073	3
14	1097	3.5
14	1101	3
14	1136	4
14	1148	5
14	1177	3.5
14	1196	4
14	1197	4.5
14	1198	3
14	1204	4.5
14	1207	5
14	1210	4
14	1228	1
14	1243	5
14	1246	4.5
14	1262	4.5
14	1265	4.5
14	1269	4.5
14	1270	4
14	1271	4
14	1282	3.5
14	1291	4
14	1302	3
14	1396	5
14	1441	2.5
14	1580	3.5
14	1610	4.5
14	1682	4.5
14	1689	5
14	1721	2
14	1947	4
14	1954	2.5
14	1957	4.5
14	1962	2.5
14	2009	1
14	2010	3.5
14	2012	4
14	2018	3
14	2046	3
14	2049	3
14	2054	2.5
14	2059	4.5
14	2078	4
14	2081	3
14	2083	4
14	2087	3.5
14	2094	4
14	2100	3
14	2105	3.5
14	2115	3.5
14	2125	4.5
14	2150	4.5
14	2161	3.5
14	2174	3
14	2193	3.5
14	2294	3.5
14	2324	4.5
14	2355	3.5
14	2394	5
14	2405	3
14	2406	3
14	2414	4
14	2420	3
14	2424	3
14	2470	3
14	2501	4.5
14	2559	1
14	2571	3
14	2628	2.5
14	2687	4.5
14	2716	3.5
14	2724	4.5
14	2761	4
14	2791	2.5
14	2797	3.5
14	2804	3.5
14	2918	3
14	2966	3.5
14	2987	3
14	3033	3
14	3088	4.5
14	3097	4
14	3114	4.5
14	3156	3
14	3175	4.5
14	3269	2.5
14	3347	3
14	3360	4
14	3396	4
14	3397	4
14	3471	4
14	3512	4.5
14	3548	3.5
14	3675	4
14	3723	4
14	3751	4.5
14	3809	4
14	3916	4
14	4022	4.5
14	4027	3.5
14	4306	3.5
14	4366	3.5
14	4499	3.5
14	4535	4
14	4886	4.5
14	4896	4
14	4921	4.5
14	4995	5
14	5066	4
14	5218	4
14	5267	4
14	5299	4.5
14	5303	4
14	5309	2.5
14	5349	2.5
14	5380	4.5
14	5470	4
14	5602	3
14	5620	4
14	5629	4.5
14	5667	4
14	5747	3.5
14	5957	4.5
14	6297	5
14	6358	3.5
14	6377	4.5
14	6424	5
14	6533	4
14	6550	4
14	6639	3
14	6662	3.5
14	6753	5
14	6776	4.5
14	6863	1
14	6936	3.5
14	6979	3.5
14	7075	4
14	7161	4
14	7263	4.5
14	7395	4
14	8039	4
14	8360	4.5
14	8376	3.5
14	8529	3.5
14	8574	4
14	8580	4
14	8633	3.5
14	8695	4
14	8884	3
14	8961	4
14	8965	4.5
14	8970	4
14	8984	3.5
14	25752	4
14	26084	4
14	26133	4
14	26294	4
14	27706	4.5
14	31658	4
14	36401	1.5
14	36525	4.5
14	37739	4
14	38038	3.5
14	40339	4
14	40629	4.5
14	41566	4.5
14	44022	4
14	44709	5
14	45431	5
14	45517	4.5
14	45668	3.5
14	46062	3.5
14	46976	4.5
14	48982	4
14	50160	4.5
14	50872	4.5
14	51471	5
14	52287	5
14	53464	2.5
14	54004	1
14	55267	3
14	56915	3.5
14	60069	5
14	60487	4
15	10	2
15	11	3
15	14	2
15	17	3
15	21	3
15	34	4
15	36	3
15	39	3
15	50	3
15	141	3
15	150	4
15	153	2
15	161	3
15	165	2
15	231	3
15	246	4
15	296	3
15	300	3
15	318	3
15	326	3
15	329	3
15	344	3
15	349	3
15	356	5
15	364	4
15	377	3
15	380	3
15	434	2
15	440	3
15	457	4
15	474	4
15	480	3
15	497	3
15	500	3
15	508	3
15	515	4
15	527	5
15	534	3
15	539	4
15	586	3
15	588	3
15	590	3
15	592	3
15	593	3
15	594	4
15	595	3
15	596	4
15	608	4
15	780	3
16	1	3
16	6	3
16	39	4
16	122	4
16	223	3
16	356	4
16	539	3
16	550	5
16	587	5
16	915	3
16	916	5
16	934	4
16	1060	3
16	1126	3
16	1136	3
16	1197	5
16	1257	2
16	1265	5
16	1285	2
16	1307	3
16	1380	5
16	1394	2
16	1500	5
16	1580	4
16	1753	5
16	1923	4
16	2100	3
16	2144	4
16	2245	3
16	2248	4
16	2262	3
16	2372	3
16	2396	3
16	2406	4
16	2407	2
16	2470	4
16	2716	5
16	2747	1
16	2759	2
16	2791	4
16	2858	2
16	2867	3
16	2889	3
16	2918	3
16	2924	5
16	2997	2
16	3101	3
16	3210	4
16	3461	4
16	3477	3
16	3536	1
16	3548	5
16	3608	3
16	3760	5
16	3773	3
16	3868	5
16	4066	4
16	4085	4
16	4089	4
16	4321	3
17	6	4
17	110	4
17	377	3
17	457	5
17	480	3
17	648	3
17	1233	4
17	1270	4
17	1580	4
17	1608	4
17	1610	4
17	1876	3
17	2002	3
17	2028	5
17	2353	4
17	2683	5
17	3082	4
17	3101	5
17	3256	5
17	3578	5
17	3753	5
17	3755	4
17	3996	4
17	4019	4
17	4639	4
17	4700	3
18	186	4
18	260	1
18	296	4
18	318	4.5
18	356	4
18	383	3
18	426	1
18	480	1.5
18	527	4
18	588	4
18	592	3
18	593	3.5
18	608	4
18	830	2
18	858	4
18	912	5
18	1201	5
18	1206	4
18	1209	4
18	1211	4.5
18	1221	3.5
18	1230	4.5
18	1247	4
18	1252	4.5
18	1270	2
18	1283	4
18	1305	4.5
18	1371	2
18	1417	3
18	1580	2.5
18	1641	4
18	1784	4
18	1952	4
18	1955	2.5
18	1958	2
18	2023	2.5
18	2085	3
18	2289	4
18	2375	2
18	2402	1
18	2403	1
18	2404	1
18	2571	3
18	2641	2.5
18	2739	3
18	2762	3.5
18	2858	3.5
18	2950	2
18	2997	4
18	3083	5
18	3426	4
18	3507	4
18	3812	3.5
18	3967	3.5
18	4041	3
18	4280	4
18	4306	3
18	4313	2.5
18	4428	3.5
18	4447	2
18	4967	5
18	4973	5
18	4993	3
18	5225	5
18	5299	3
18	5477	4.5
18	5608	4
18	5613	3.5
18	5878	5
18	6016	5
18	6197	5
18	6291	5
18	6711	3.5
18	6772	1
18	6942	3.5
18	7034	4
18	7234	5
18	7323	5
18	7361	5
18	7456	4
18	7767	5
18	8254	4.5
18	8360	2.5
18	8645	4
18	8981	3
18	27803	5
18	30749	4
18	31410	4.5
18	39183	4.5
18	40815	3
18	41527	5
18	42197	4.5
18	43376	4
18	44204	4
18	44555	5
18	44694	4
18	45726	2.5
18	45950	3.5
18	46976	4
18	51084	4
18	51174	4.5
18	52375	3.5
18	55052	4.5
18	55100	2.5
18	55820	4
18	56788	3.5
18	57792	4
18	58315	2
18	59018	5
18	59118	4
18	59382	1
18	60482	5
18	60950	3
18	61075	4.5
18	63062	4.5
18	64701	4.5
18	65465	2.5
18	69122	4.5
18	70293	3
18	71033	4.5
18	78637	3
19	1	5
19	3	4
19	6	5
19	7	5
19	14	4
19	17	4
19	25	3
19	32	2
19	55	3
19	61	4
19	62	5
19	67	3
19	74	4
19	76	3
19	79	3
19	86	5
19	88	4
19	92	3
19	95	3
19	100	4
19	101	3
19	112	5
19	135	4
19	141	5
19	376	4
19	494	4
19	608	5
19	609	4
19	628	4
19	637	3
19	648	3
19	656	5
19	661	3
19	694	4
19	707	3
19	710	5
19	719	3
19	724	4
19	725	4
19	733	4
19	736	4
19	761	3
19	780	4
19	785	3
19	786	4
19	788	4
19	802	4
19	828	3
19	880	3
19	1073	5
20	16	4
20	19	2.5
20	111	4.5
20	235	3.5
20	370	2
20	442	2
20	474	2
20	1080	4
20	1208	4.5
20	1221	4
20	1291	4
20	1884	5
20	1923	2.5
20	1961	3
20	1994	4
20	2012	3.5
20	2023	4
20	2054	2.5
20	2115	3.5
20	2571	4
20	2710	4
20	2987	3
20	3176	3
20	3785	3
20	4306	3.5
20	4351	3.5
20	5952	3.5
20	6807	3.5
21	6	4
21	16	5
21	32	4
21	50	5
21	111	4
21	223	3
21	235	3
21	260	5
21	262	4
21	293	2
21	296	5
21	318	5
21	319	3
21	322	3
21	337	3
21	364	3
21	474	4
21	527	5
21	541	5
21	562	4
21	589	4
21	593	5
21	594	3
21	608	4
21	760	3
21	778	4
21	858	5
21	912	4
21	920	3
21	923	4
21	924	5
21	953	3
21	954	3
21	968	5
21	1022	3
21	1036	4
21	1054	1
21	1060	4
21	1079	4
21	1080	2
21	1089	5
21	1097	4
21	1179	3
21	1193	5
21	1196	5
21	1197	4
21	1201	5
21	1203	3
21	1206	4
21	1207	5
21	1210	5
21	1213	5
21	1214	5
21	1215	3
21	1218	5
21	1219	4
21	1222	4
21	1228	5
21	1245	4
21	1250	4
21	1252	4
21	1259	5
21	1262	4
21	1263	4
21	1266	4
21	1270	4
21	1274	2
21	1276	4
21	1277	3
21	1278	2
21	1282	3
21	1285	4
21	1288	4
21	1291	4
21	1297	3
21	1387	4
21	1393	4
21	1394	3
21	1411	3
21	1449	4
21	1458	3
21	1500	3
21	1617	5
21	1639	3
21	1641	3
21	1673	5
21	1704	4
21	1732	2
21	1921	4
21	1945	4
21	1952	4
21	1960	3
21	1961	4
21	1997	5
21	2005	4
21	2018	3
21	2020	3
21	2085	3
21	2118	4
21	2159	3
21	2160	5
21	2288	5
21	2318	3
21	2329	4
21	2395	4
21	2425	3
21	2542	4
21	2563	3
21	2664	3
21	2728	4
21	2761	4
21	2762	4
21	2795	3
21	2797	4
21	2819	4
21	2858	4
21	2866	3
21	2912	3
21	2915	3
21	2916	4
21	2917	2
21	2918	4
21	2948	4
21	2952	4
21	2987	3
21	3019	3
21	3098	4
21	3114	5
21	3147	4
21	3159	3
21	3160	4
21	3169	3
21	3267	3
21	3310	2
21	3328	1
21	3347	4
21	3361	3
21	3363	4
21	3386	3
21	3424	3
21	3476	4
21	3481	2
21	3505	3
21	3508	4
21	3679	5
21	3681	4
21	3703	4
21	3706	3
21	3718	4
21	3739	3
21	3753	4
21	3760	3
21	3771	2
21	3897	4
21	3972	3
21	3996	4
21	4002	4
21	4016	3
21	4034	4
21	4092	3
21	4105	5
21	4210	3
21	4224	3
22	1	3
22	6	5
22	16	5
22	47	4
22	50	4
22	69	3
22	95	4
22	110	4
22	111	4
22	165	4
22	288	1
22	292	3
22	296	5
22	303	3
22	318	5
22	353	3
22	358	3
22	377	4
22	434	4
22	457	3
22	474	3
22	479	3
22	494	4
22	544	3
22	555	4
22	587	3
22	589	5
22	592	3
22	593	5
22	648	5
22	733	4
22	1036	5
22	1037	3
22	1047	5
22	1089	4
22	1090	3
22	1101	4
22	1129	3
22	1196	4
22	1198	3
22	1210	4
22	1222	4
22	1240	5
22	1291	3
22	1370	3
22	1378	3
22	1385	4
22	1408	2
22	1518	3
22	1552	4
22	1573	3
22	1580	3
22	1587	4
22	1597	4
22	1608	3
22	1615	3
22	1625	5
22	1673	3
22	1676	3
22	1777	4
22	1912	3
22	1918	4
22	1954	4
22	2000	4
22	2001	5
22	2002	3
22	2028	3
22	2058	3
22	2115	4
22	2119	3
22	2193	4
22	2268	5
22	2278	3
22	2329	4
22	2353	5
22	2402	5
22	2403	4
22	2409	4
22	2410	4
22	2411	4
22	2412	2
22	2490	3
22	2571	3
22	2617	4
22	2640	4
22	2641	3
22	2642	3
22	2643	2
22	2676	3
22	2763	4
22	2858	3
22	2881	3
22	2916	4
22	2959	4
22	2985	3
22	3006	4
22	3020	4
22	3052	2
22	3100	2
22	3114	3
22	3147	4
22	3441	4
22	3525	4
22	3527	5
22	3698	5
22	3955	2
22	3979	2
22	3980	3
22	3987	3
22	3994	4
22	3996	4
22	3999	3
22	4006	4
22	4011	3
22	4015	4
22	4016	3
22	4018	4
22	4022	3
22	4025	3
22	4034	4
22	4052	3
22	4084	3
22	4085	3
22	4262	4
22	4270	5
22	4306	3
22	4351	4
22	4354	3
22	4367	5
22	4396	4
22	4498	3
22	4565	3
22	4620	3
23	1	4
23	25	4
23	32	5
23	47	5
23	50	5
23	70	1
23	110	4
23	223	5
23	232	3
23	235	3
23	293	5
23	296	5
23	318	5
23	342	3
23	347	3
23	356	2
23	457	4
23	475	4
23	493	3
23	508	5
23	527	5
23	535	5
23	555	5
23	589	3
23	593	4
23	608	5
23	678	5
23	720	4
23	778	5
23	838	1
23	866	4
23	1047	5
23	1059	5
23	1060	5
23	1089	5
23	1094	3
23	1095	5
23	1111	5
23	1188	5
23	1215	3
23	1245	4
23	1249	5
23	1268	4
23	1358	5
23	1366	4
23	1408	4
23	1411	4
23	1466	4
23	1500	5
23	1527	5
23	1580	5
23	1584	5
23	1617	5
23	1625	4
23	1639	3
23	1641	4
23	1653	5
23	1673	3
23	1678	3
23	1704	5
23	1719	4
23	1721	4
23	1722	4
23	1729	4
23	1732	4
23	1754	5
23	1777	4
23	1783	3
23	1804	4
23	1805	5
23	1810	2
23	1833	5
23	1835	5
23	1888	3
23	1892	4
23	1895	4
23	1909	5
23	1917	4
23	1923	4
23	2006	5
23	2028	5
23	2058	5
23	2125	3
23	2167	4
23	2278	3
23	2289	4
23	2291	3
23	2294	5
23	2315	1
23	2322	1
23	2324	5
23	2329	4
23	2338	2
23	2340	2
23	2353	4
23	2355	4
23	2384	2
23	2386	1
23	2393	4
23	2394	1
23	2424	1
23	2952	5
24	1	4
24	5	2
24	6	4
24	7	3
24	10	3
24	16	5
24	18	5
24	21	3
24	24	4
24	25	5
24	32	4
24	34	4
24	36	3
24	39	3
24	47	4
24	50	5
24	62	3
24	69	4
24	73	4
24	89	3
24	95	4
24	104	5
24	110	4
24	112	2
24	150	3
24	151	3
24	161	3
24	163	3
24	165	4
24	177	4
24	188	5
24	198	1
24	216	5
24	223	5
24	231	4
24	246	4
24	253	5
24	260	5
24	266	5
24	288	4
24	292	4
24	295	2
24	296	5
24	300	3
24	316	3
24	317	4
24	318	5
24	329	3
24	337	2
24	339	3
24	344	5
24	349	3
24	350	3
24	353	4
24	356	5
24	357	4
24	358	2
24	367	4
24	368	2
24	372	2
24	377	4
24	380	4
24	383	3
24	410	3
24	423	3
24	431	3
24	437	1
24	440	3
24	441	4
24	450	2
24	457	5
24	468	1
24	480	3
24	491	2
24	500	4
24	508	3
24	514	4
24	524	2
24	529	4
24	539	4
24	541	3
24	543	2
24	553	4
24	555	4
24	587	4
24	588	4
24	589	4
24	590	4
24	593	4
24	597	3
24	608	2
24	647	3
24	648	4
24	662	3
24	663	4
24	724	2
24	725	2
24	733	4
24	778	5
24	780	4
24	785	5
24	802	3
24	805	3
24	832	3
24	852	3
24	861	1
24	991	4
24	1015	3
24	1036	4
24	1059	5
24	1060	5
24	1061	1
24	1073	2
24	1089	5
24	1092	4
24	1093	4
24	1120	4
24	1121	4
24	1127	3
24	1129	3
24	1147	4
24	1183	2
24	1196	5
24	1197	4
24	1200	5
24	1206	5
24	1210	5
24	1213	5
24	1214	5
24	1215	3
24	1222	5
24	1233	5
24	1240	5
24	1258	5
24	1265	3
24	1266	1
24	1268	4
24	1270	4
24	1339	3
24	1343	5
24	1356	3
24	1357	5
24	1358	4
24	1370	4
24	1372	3
24	1374	4
24	1375	5
24	1379	4
24	1393	4
24	1401	3
24	1405	4
24	1407	5
24	1408	4
24	1441	1
24	1457	3
24	1466	3
24	1476	4
24	1479	3
24	1485	4
24	1500	3
24	1517	5
24	1527	4
24	1539	3
24	1552	4
24	1573	5
24	1580	5
24	1584	1
24	1586	4
24	1589	2
24	1590	4
24	1594	5
24	1597	3
24	1608	4
24	1610	5
24	1611	1
24	1614	3
24	1617	4
24	1619	3
24	1620	3
24	1625	4
24	1639	5
24	1641	3
24	1645	2
24	1647	1
24	1653	5
24	1673	4
24	1676	4
24	1680	5
24	1682	4
24	1687	4
24	1704	4
24	1719	3
24	1721	4
24	1722	3
24	1727	2
24	1729	2
24	1732	2
24	1735	3
24	1753	3
24	1777	4
24	1784	4
24	1804	3
24	1873	3
24	1883	3
24	1892	2
24	1895	3
24	1909	3
24	1911	4
24	1912	2
24	1918	3
24	1921	5
24	1923	5
24	1955	3
24	1982	4
24	2002	3
24	2005	3
24	2006	3
24	2011	4
24	2012	3
24	2021	4
24	2023	4
24	2025	2
24	2028	5
24	2041	3
24	2046	4
24	2058	3
24	2108	4
24	2155	3
24	2167	4
24	2190	3
24	2195	2
24	2231	3
24	2268	3
24	2269	2
24	2273	3
24	2278	2
24	2288	4
24	2289	3
24	2294	3
24	2296	4
24	2297	3
24	2302	3
24	2321	3
24	2324	4
24	2329	5
24	2336	2
24	2340	3
24	2353	4
24	2355	4
24	2369	2
24	2396	4
24	2421	3
24	2425	3
24	2427	3
24	2428	3
24	2431	3
24	2433	3
24	2447	3
24	2455	3
24	2490	4
24	2501	2
24	2502	5
24	2539	2
24	2541	3
24	2546	3
24	2567	3
24	2571	5
24	2580	4
24	2587	2
24	2600	3
24	2605	2
24	2628	4
24	2671	2
24	2676	2
24	2683	5
24	2688	3
24	2692	4
24	2694	5
24	2700	4
24	2701	2
24	2706	5
24	2707	4
24	2710	4
24	2712	1
24	2716	3
24	2723	4
24	2724	1
24	2729	3
24	2734	3
24	2762	5
24	2770	4
24	2772	2
24	2803	3
24	2805	2
24	2826	4
24	2840	3
24	2841	2
24	2858	5
24	2860	3
24	2861	4
24	2881	3
24	2889	2
24	2890	4
24	2916	4
24	2959	5
24	2961	3
24	2985	3
24	2997	2
24	3004	3
24	3005	3
24	3020	3
24	3052	5
24	3053	2
24	3081	2
24	3107	4
24	3108	2
24	3113	3
24	3114	3
24	3145	3
24	3147	3
24	3148	2
24	3155	2
24	3173	3
24	3174	4
24	3175	4
24	3176	1
24	3177	3
24	3179	2
24	3189	2
24	3249	3
24	3250	4
24	3252	4
24	3253	4
24	3254	4
24	3255	2
24	3259	2
24	3273	3
24	3285	3
24	3298	4
24	3300	5
24	3301	2
24	3316	3
24	3328	3
24	3354	2
24	3355	2
24	3386	3
24	3408	3
24	3409	4
24	3418	4
24	3450	2
24	3452	4
24	3471	2
24	3476	2
24	3477	2
24	3481	2
24	3483	4
24	3484	2
24	3499	4
24	3510	5
24	3513	3
24	3515	4
24	3527	4
24	3534	2
24	3535	4
24	3554	2
24	3555	4
24	3578	5
24	3593	2
24	3614	4
24	3616	3
24	3617	5
24	3623	2
24	3624	2
24	3686	3
24	3702	4
24	3703	2
24	3717	4
24	3718	3
24	3745	4
24	3752	4
24	3753	1
24	3755	3
24	3784	1
24	3785	5
24	3793	3
24	3798	2
24	3809	3
24	3824	2
24	3826	3
24	3857	3
24	3861	3
24	3863	2
24	3865	2
24	3879	1
24	3884	1
24	3889	2
24	3893	2
24	3895	2
24	3896	4
24	3897	3
24	3915	3
24	3916	4
24	3946	3
24	3948	4
24	3950	5
24	3952	3
24	3955	4
24	3967	4
24	3968	3
24	3969	4
24	3972	1
24	3977	3
24	3978	4
24	3979	5
24	3980	3
24	3981	3
24	3986	1
24	3988	3
24	3994	4
24	3996	5
24	3998	3
24	3999	4
24	4011	4
24	4014	2
24	4015	3
24	4016	3
24	4018	3
24	4019	4
24	4020	4
24	4022	4
24	4023	3
24	4025	2
24	4027	4
24	4030	2
24	4031	4
24	4033	4
24	4034	3
24	4052	1
24	4054	4
24	4061	3
24	4121	3
24	4148	2
24	4149	5
24	4153	4
24	4159	3
24	4167	4
24	4223	3
24	4224	2
24	4226	4
24	4233	4
24	4235	5
24	4239	3
24	4246	3
24	4247	4
24	4250	3
24	4251	4
24	4255	3
24	4270	1
24	4285	2
24	4299	4
24	4306	4
24	4308	2
24	4310	2
24	4321	3
24	4341	3
24	4351	5
24	4369	3
24	4387	5
24	4388	3
24	4443	2
24	4447	4
24	4448	2
24	4466	3
24	4471	1
24	4473	4
24	4486	3
24	4487	4
24	4489	3
24	4498	2
24	4504	1
24	4509	3
24	4520	2
24	4589	3
24	4639	3
24	4643	2
24	4701	4
24	4718	5
24	4735	2
24	4745	2
24	4776	5
24	4887	5
24	4958	3
24	4995	4
24	5299	4
24	5377	4
24	5418	4
24	5464	4
24	5524	3
24	5620	3
24	5630	5
24	5679	5
24	5803	3
24	5810	3
24	5816	2
24	5943	3
24	6213	4
25	21	3.5
25	22	4
25	31	3
25	32	3.5
25	39	4.5
25	47	3
25	50	3.5
25	104	2.5
25	110	3.5
25	111	3.5
25	141	3.5
25	175	4.5
25	223	4.5
25	231	3
25	253	3.5
25	261	4
25	288	3.5
25	296	4
25	318	4
25	337	4
25	344	3.5
25	356	4
25	364	3.5
25	367	2
25	372	4
25	377	2.5
25	428	4
25	480	3.5
25	500	3.5
25	527	3.5
25	539	2.5
25	585	1
25	586	3.5
25	587	4.5
25	589	4
25	590	4
25	592	3.5
25	593	4.5
25	597	3
25	778	4
25	858	3.5
25	919	4
25	1036	2
25	1079	4
25	1080	4
25	1089	3.5
25	1093	3.5
25	1097	4.5
25	1101	3.5
25	1120	3
25	1126	4.5
25	1136	4
25	1193	3.5
25	1197	4
25	1198	3.5
25	1200	3
25	1214	2
25	1240	4
25	1246	4
25	1258	4
25	1265	3.5
25	1270	4.5
25	1271	4.5
25	1291	3.5
25	1302	3
25	1307	4
25	1387	3.5
25	1517	4
25	1580	1.5
25	1682	3
25	1704	4
25	1721	4
25	1727	1
25	1732	5
25	1784	3
25	1923	3
25	1961	4
25	1968	4
25	2028	3.5
25	2115	3.5
25	2141	4.5
25	2161	4
25	2174	4
25	2324	3.5
25	2352	3
25	2502	3.5
25	2571	3.5
25	2683	4
25	2692	4
25	2706	4
25	2710	3
25	2716	4
25	2797	4.5
25	2858	4
25	2918	4
25	2959	4
25	2987	4
25	3147	4
25	3255	4.5
25	3578	3.5
25	3686	4
25	3755	3
25	3897	3
25	3949	3.5
25	3996	4
25	4027	3.5
25	4306	3.5
25	4886	3
25	4963	3
25	4973	4
25	4979	4.5
25	4993	3.5
25	5225	4.5
25	5952	3.5
25	6377	3.5
25	8910	4.5
25	52319	4
25	54503	4.5
25	60293	4.5
25	63082	3.5
25	72226	2
26	10	3
26	19	3
26	21	4
26	22	3
26	39	4
26	47	4
26	50	5
26	110	4
26	150	4
26	153	3
26	160	2
26	161	3
26	165	3
26	173	2
26	185	3
26	188	2
26	208	3
26	225	3
26	231	2
26	253	3
26	266	3
26	273	3
26	288	4
26	292	3
26	296	5
26	300	4
26	316	3
26	317	3
26	318	5
26	329	3
26	339	3
26	344	3
26	349	3
26	356	5
26	357	5
26	364	3
26	367	4
26	377	3
26	380	3
26	410	3
26	420	3
26	426	3
26	434	3
26	435	3
26	440	5
26	454	3
26	457	4
26	480	5
26	500	4
26	527	5
26	532	3
26	539	4
26	586	3
26	587	4
26	588	3
26	589	5
26	590	4
26	592	3
26	593	4
26	595	5
26	597	3
27	11	4
27	29	3
27	47	4.5
27	104	4
27	162	4
27	231	4.5
27	235	3
27	266	4
27	368	4.5
27	480	4.5
27	491	3
27	539	3
27	553	4.5
27	597	4.5
27	778	4.5
27	832	4
27	1027	2
27	1131	4
27	1172	4.5
27	1265	5
27	1300	4.5
27	1307	5
27	1517	3
27	1527	2.5
27	1544	4
27	1584	4
27	1610	4
27	1721	5
27	1923	4.5
27	1961	4
27	2144	4.5
27	2150	4.5
27	2355	3.5
27	2420	4
27	2424	3
27	2683	5
27	2699	4
27	2761	5
27	2959	5
27	2997	3
27	3081	3
27	3481	4
27	3508	4.5
27	3608	4
27	3753	3
27	3879	2
27	4023	4
27	4066	4.5
27	4159	4
27	4306	3
27	4321	4.5
27	4367	1
27	4464	4.5
27	4499	4
27	5010	3.5
27	5064	4
27	5378	1
27	6380	4
27	6539	3.5
27	6934	4.5
27	7247	2
27	7293	4
27	7458	3
27	8361	3.5
27	8622	4.5
27	8636	4.5
27	8900	4.5
27	27808	4
27	30822	4
28	150	1
28	161	3
28	165	3
28	185	1
28	196	1
28	213	5
28	231	3
28	253	3
28	266	1
28	282	3
28	292	3
28	296	5
28	315	2
28	339	3
28	344	2
28	356	4
28	357	4
28	367	2
28	377	3
28	380	2
28	410	5
28	417	1
28	442	3
28	477	3
28	480	2
28	500	3
28	509	4
28	555	5
28	588	3
28	590	1
28	593	3
28	595	3
29	2	3
29	9	4
29	11	4
29	15	4
29	16	4
29	19	3
29	20	4
29	21	3
29	22	3
29	23	4
29	24	3
29	31	4
29	32	3
29	34	4
29	42	3
29	44	3
29	46	3
29	47	4
29	50	4
29	57	3
29	60	4
29	70	4
29	93	3
29	104	4
29	110	5
29	112	4
29	122	3
29	132	3
29	135	3
29	145	4
29	147	3
29	150	4
29	151	3
29	153	3
29	157	3
29	158	3
29	159	4
29	160	3
29	161	4
29	164	4
29	165	4
29	168	3
29	170	3
29	172	3
29	173	4
29	179	3
29	185	3
29	188	3
29	191	3
29	196	3
29	204	4
29	208	3
29	216	5
29	218	3
29	224	4
29	225	3
29	231	3
29	233	3
29	234	3
29	235	3
29	237	4
29	246	3
29	248	3
29	249	5
29	250	3
29	253	5
29	255	3
29	256	3
29	266	4
29	267	4
29	271	3
29	272	3
29	273	4
29	274	3
29	277	3
29	280	3
29	282	4
29	288	3
29	292	5
29	293	4
29	294	3
29	296	5
29	300	2
29	303	3
29	312	2
29	315	4
29	316	3
29	317	4
29	318	5
29	328	2
29	329	3
29	333	4
29	339	3
29	340	3
29	344	3
29	349	3
29	351	3
29	352	4
29	353	3
29	355	3
29	356	5
29	358	4
29	362	4
29	364	4
29	365	4
29	367	3
29	368	4
29	370	3
29	371	1
29	374	3
29	377	4
29	380	3
29	382	3
29	383	5
29	405	3
29	410	3
29	413	3
29	415	3
29	416	3
29	420	3
29	428	5
29	431	5
29	432	4
29	434	4
29	435	3
29	437	3
29	442	4
29	455	3
29	457	3
29	464	3
29	466	3
29	475	3
29	480	5
29	481	3
29	482	3
29	485	4
29	491	3
29	500	3
29	502	3
29	509	3
29	514	2
29	516	4
29	519	3
29	520	3
29	524	4
29	527	4
29	529	4
29	532	3
29	533	3
29	537	3
29	542	4
29	543	3
29	546	3
29	551	4
29	552	4
29	553	4
29	555	5
29	575	4
29	585	3
29	586	4
29	587	3
29	588	4
29	589	4
29	590	4
29	592	4
29	593	4
29	594	4
29	595	4
29	596	5
29	597	3
29	610	4
29	616	3
29	648	4
29	653	3
29	711	3
29	724	4
29	733	5
30	5	2.5
30	163	1
30	168	0.5
30	225	2
30	265	3
30	466	3.5
30	519	2
30	555	1.5
30	589	2.5
30	596	5
30	1061	4.5
30	1215	2.5
30	1234	2
30	1240	3.5
30	1372	2.5
30	1376	3
30	1909	2.5
30	2018	3
30	2238	4.5
30	2324	5
30	2699	2.5
30	2985	3
30	2986	2.5
30	3147	5
30	3527	3.5
30	6378	2.5
30	6537	2
30	6893	2.5
30	7885	2
30	8810	3
30	30707	4.5
31	1	3
31	110	5
31	260	5
31	364	3
31	527	0.5
31	588	3
31	594	2.5
31	616	4
31	1196	5
31	1197	3
31	1207	0.5
31	1210	5
31	1214	0.5
31	1270	4
31	2096	2
31	2571	4.5
31	2959	2
31	3300	5
31	3483	4
31	3555	3
31	3615	3
31	3624	3
31	3671	5
31	3751	4
31	3793	4.5
31	3916	4.5
31	4016	4
31	4022	2
31	4232	4
31	4299	3
31	4306	4
31	4343	4
31	4366	4.5
31	4386	3.5
31	4638	4.5
31	4700	4
31	4734	0.5
31	4816	1
31	4886	4
31	4887	3
31	4890	2
31	4896	5
31	4990	4.5
31	4993	5
31	5110	4
31	5218	4
31	5254	4.5
31	5267	4
31	5299	0.5
31	5313	3.5
31	5349	2
31	5378	5
31	5389	4
31	5444	5
31	5463	4.5
31	5504	4
31	5574	5
31	5621	4
31	5669	0.5
31	5679	0.5
31	5785	4
31	5804	3.5
31	5816	5
31	5903	5
31	5952	5
31	6156	4
31	6218	5
31	6297	4
31	6333	4.5
31	6365	4
31	6377	3
31	6385	3.5
31	6539	5
31	6565	1.5
31	6566	4.5
31	6753	4
31	6754	5
31	6863	1.5
31	6880	0.5
31	6889	4.5
31	6934	3.5
31	6936	1.5
31	7153	5
31	7293	2.5
31	7317	5
31	7324	4
31	7373	4.5
31	8360	3
31	8361	0.5
31	8368	5
31	8371	5
31	8376	0.5
31	8464	2.5
31	8528	0.5
31	8533	1
31	8622	0.5
31	8636	1.5
31	8641	1
31	8807	0.5
31	8808	3.5
31	8810	1
31	8907	4
31	8917	0.5
31	8937	2
31	8957	0.5
31	8961	4
31	8972	4.5
31	8985	5
31	30707	0.5
31	30816	2
31	32031	4
31	33004	3
31	33493	5
31	33615	4
31	33646	4
31	33679	2.5
31	33794	4.5
31	34072	3
31	34150	3.5
31	34332	4
31	36519	5
31	37386	4
31	38038	4
31	39183	0.5
31	39446	0.5
31	40339	3.5
31	40815	3.5
31	41566	5
31	41569	1
31	42738	5
31	44022	4
31	44191	5
31	45431	5
31	45499	5
31	45517	4
31	45722	5
31	46578	0.5
31	46970	0.5
31	46972	4
31	47200	4
31	47610	4
31	48322	4
31	48385	0.5
31	48394	1.5
31	49274	4
31	49649	3.5
31	50798	4.5
31	50872	3.5
31	51077	4
31	51662	4.5
31	52245	0.5
31	52287	4
31	52722	3
31	52973	0.5
31	53121	4
31	53125	5
31	53464	4
31	53894	0.5
31	53996	4.5
31	54001	5
31	54259	5
31	54272	3
31	54503	0.5
31	54997	4
31	55995	4
31	56171	4.5
31	56367	0.5
31	56587	1.5
31	56775	4.5
31	56949	3
31	57528	4
31	57640	4.5
31	58025	4
31	58559	5
31	58803	3
31	59315	5
31	59369	4
31	59501	4
31	59784	4
31	60069	4.5
31	60074	4
31	60684	4
31	60756	0.5
31	61024	0.5
31	61132	1.5
31	61160	5
31	63082	0.5
31	63992	1
31	65682	5
31	68205	4.5
31	68319	5
31	68954	3
31	69122	1.5
31	69406	2
31	69526	4
31	69784	0.5
31	69844	5
31	70286	4
31	71530	3
31	71535	1.5
31	72378	0.5
31	72998	4.5
31	73017	4
31	73321	4
31	74789	3
31	76093	5
31	76175	4.5
31	76251	0.5
31	77561	5
31	78105	5
31	78209	0.5
31	78469	4.5
31	79091	5
31	79695	4.5
31	79702	0.5
31	81562	0.5
31	81564	4
31	81834	5
31	81847	2.5
31	82459	4
31	82461	4.5
31	83613	5
31	84944	4
31	85510	4
31	86332	5
31	86880	5
31	86911	2
31	87222	4.5
31	87232	4.5
31	87430	4
31	88125	5
31	88140	5
31	88744	4
31	89745	5
31	91500	4.5
31	91529	5
31	95167	3
31	98809	4.5
31	102125	4.5
31	102445	0.5
31	106487	4
31	106489	5
31	106696	3
31	112852	4.5
31	118696	5
31	125916	0.5
32	6	3
32	10	3
32	14	3
32	16	3
32	17	4
32	19	3
32	25	4
32	31	3
32	34	4
32	36	3
32	39	3
32	45	3
32	47	3
32	50	5
32	58	4
32	110	3
32	150	4
32	151	3
32	153	3
32	161	3
32	165	3
32	170	3
32	173	3
32	185	3
32	225	3
32	231	3
32	235	3
32	247	3
32	260	4
32	292	4
32	296	5
32	300	3
32	315	2
32	316	3
32	318	5
32	319	4
32	337	4
32	342	4
32	344	3
32	345	3
32	350	3
32	355	2
32	356	3
32	357	4
32	368	5
32	371	3
32	377	3
32	380	4
32	410	3
32	434	4
32	442	3
32	454	3
32	457	4
32	468	3
32	474	4
32	480	3
32	497	4
32	527	3
32	535	4
32	588	3
32	589	4
32	590	3
32	592	4
32	593	4
32	597	3
32	608	3
32	708	4
32	736	4
32	745	4
32	778	5
32	780	4
32	786	3
32	1047	4
33	157	3
33	161	4
33	293	5
33	345	4
33	370	1
33	480	1
33	608	4
33	673	2
33	1028	3
33	1077	5
33	1078	4
33	1197	5
33	1215	5
33	1230	5
33	1304	5
33	1566	1
33	1639	5
33	1732	1
33	2000	4
33	2001	4
33	2002	4
33	2115	5
33	2302	3
33	2355	4
33	2746	4
33	2949	4
33	3263	3
33	3301	4
33	3386	2
33	3593	1
33	3596	1
33	3623	3
33	3646	1
33	3654	4
33	3717	2
33	3745	3
33	3751	5
33	3752	1
33	3753	1
33	3754	4
33	3760	5
33	3793	5
33	3799	1
33	3809	2
33	3814	4
33	3821	1
33	3836	5
33	3868	5
33	3869	2
33	3873	5
34	1	5
34	2	3
34	7	3
34	10	5
34	15	3
34	17	5
34	21	4
34	32	4
34	34	3
34	45	4
34	48	4
34	60	4
34	68	4
34	95	4
34	104	3
34	107	4
34	135	3
34	141	4
34	150	5
34	153	3
34	158	3
34	161	5
34	165	4
34	172	3
34	173	1
34	181	2
34	185	3
34	186	3
34	203	4
34	204	4
34	208	5
34	224	3
34	231	3
34	236	4
34	237	4
34	239	5
34	252	4
34	261	4
34	272	4
34	277	3
34	289	4
34	296	3
34	316	4
34	317	3
34	329	4
34	338	3
34	339	4
34	344	3
34	355	4
34	356	5
34	357	5
34	364	4
34	367	5
34	368	4
34	370	4
34	376	4
34	377	5
34	380	5
34	410	4
34	432	3
34	434	3
34	435	3
34	440	5
34	442	3
34	457	5
34	466	3
34	474	4
34	480	5
34	485	3
34	494	4
34	500	5
34	509	4
34	520	3
34	531	4
34	539	5
34	551	4
34	553	4
34	587	5
34	588	4
34	589	5
34	590	2
34	592	4
34	595	5
34	597	4
34	637	3
34	648	4
34	688	3
34	708	5
34	733	5
34	736	4
34	761	3
34	780	4
34	786	4
35	47	5
35	50	5
35	60	4
35	107	4
35	110	4.5
35	111	5
35	153	3
35	208	3.5
35	231	1
35	253	4.5
35	260	3
35	293	5
35	296	5
35	318	4
35	344	2
35	356	4.5
35	367	3
35	413	2.5
35	480	3
35	500	4
35	527	4.5
35	592	3.5
35	593	4.5
35	595	4
35	597	3
35	778	5
35	858	5
35	1019	3.5
35	1089	5
35	1097	3.5
35	1221	4.5
35	1222	3.5
35	1223	4.5
35	1265	4.5
35	1270	4.5
35	1347	2
35	1580	3.5
35	1617	4.5
35	1644	2
35	1721	3.5
35	2023	4.5
35	2028	3.5
35	2231	4
35	2300	3.5
35	2329	4.5
35	2360	5
35	2396	4
35	2501	3.5
35	2542	5
35	2571	5
35	2688	4
35	2692	5
35	2858	5
35	2959	5
35	2997	5
35	3301	3
35	3396	5
35	3535	5
35	3556	3.5
35	3578	4
35	3793	4
35	3949	4.5
35	4011	5
35	4014	4.5
35	4226	4.5
35	4235	5
35	4381	4.5
35	4718	1
35	4886	4.5
35	4954	4.5
35	4973	5
35	4979	5
35	4993	5
35	5014	4.5
35	5219	4
35	5225	4.5
35	5254	4
35	5349	4
35	5418	5
35	5445	5
35	5577	4.5
35	5608	5
35	5782	4.5
35	5785	1
35	5902	5
35	5991	4.5
35	6003	5
35	6016	5
35	6218	4
35	6333	4
35	6365	4
35	6377	5
35	6539	5
35	6595	4
35	6618	3.5
35	6773	5
35	6863	4.5
35	6874	5
35	6934	4.5
35	6942	5
35	7090	4.5
35	7143	4.5
35	7153	4.5
35	7155	3.5
35	7235	5
35	7323	5
35	7361	5
35	7373	4
35	7438	4
35	8360	5
35	8376	4.5
35	8636	4
35	8665	5
35	8798	4.5
35	8961	5
35	8968	4.5
35	8972	4
35	8983	4.5
35	8984	4.5
35	8985	4
35	27005	5
35	27592	5
35	27660	5
35	27773	5
35	27797	5
35	27801	4.5
35	30793	4
35	30810	4.5
35	30820	4.5
35	31658	4.5
35	31696	4
35	31878	4.5
35	32587	5
35	33004	5
35	33903	5
35	34323	2.5
35	34437	4.5
35	35836	4.5
35	36529	4.5
35	36537	4
35	37729	4.5
35	38061	4
35	39435	3.5
35	40815	4
35	40819	3.5
35	40870	4.5
35	41566	3.5
35	41569	4.5
35	41863	5
35	44195	4.5
35	44555	5
35	44665	4
35	45722	5
35	46578	4.5
35	46967	4.5
35	46972	4
35	47044	4.5
35	48082	4.5
35	48385	2.5
35	48774	2.5
35	49272	4.5
35	49530	5
35	49651	4.5
35	50005	4.5
35	51412	3
35	51662	5
35	52281	4.5
35	52328	3.5
35	52975	4
35	53125	5
35	53322	5
35	53519	4
35	53972	4.5
35	53996	3
35	54190	4
35	54272	4.5
35	54286	5
35	54736	4
35	54771	4.5
35	54995	4.5
35	54997	5
35	55069	3.5
35	55232	3.5
35	55247	4
35	55269	5
35	55280	4.5
35	55442	4.5
35	55820	3.5
35	55995	4
35	56174	5
35	56367	4
35	56587	4.5
35	56775	4
35	56782	4.5
35	56788	3
36	145	3.5
36	163	3
36	196	3
36	485	1.5
36	555	2
36	762	2
36	1088	3
36	1320	2.5
36	1358	3.5
36	1408	3.5
36	1597	3.5
36	1625	2.5
36	1673	2.5
36	2023	3.5
36	2100	2
36	2302	3
36	2353	4
36	2712	1
36	2770	3
36	58293	3.5
37	1057	3
37	1183	5
37	1407	4
37	1416	4
37	1422	3
37	1446	4
37	1479	3
37	1485	4
37	1584	3
37	1586	3
37	1593	2
37	1597	3
37	1608	4
37	1617	5
37	1620	3
37	1632	1
37	1641	4
37	1661	4
37	1673	4
37	1676	2
38	3	3
38	7	5
38	8	3
38	11	4
38	21	1
38	36	3
38	47	4
38	52	1
38	62	5
38	135	3
38	141	2
38	150	5
38	153	3
38	155	4
38	160	1
38	161	4
38	165	3
38	195	4
38	204	3
38	207	5
38	222	3
38	225	5
38	233	4
38	237	5
38	241	2
38	252	2
38	265	3
38	267	2
38	276	5
38	277	4
38	279	4
38	282	4
38	289	5
38	292	5
38	294	2
38	296	1
38	300	1
38	315	5
38	317	3
38	339	4
38	349	4
38	350	5
38	356	5
38	364	5
38	368	3
38	371	4
38	377	5
38	378	4
38	380	3
38	440	5
38	450	4
38	454	3
38	457	3
38	458	3
38	466	2
38	467	5
38	477	3
38	480	3
38	500	2
38	501	5
38	516	2
38	527	4
38	540	4
38	586	3
38	587	3
38	588	2
38	589	4
38	590	4
38	592	3
38	593	2
38	597	4
38	613	3
38	736	4
38	786	5
39	1	5
39	6	5
39	25	4
39	32	3
39	36	5
39	52	3
39	95	4
39	112	2
39	260	5
39	376	4
39	608	4
39	648	4
39	653	3
39	733	4
39	736	3
39	780	3
39	784	3
39	786	4
39	788	3
39	1073	3
40	11	3
40	50	3
40	111	5
40	223	1
40	246	5
40	348	4
40	352	5
40	356	1
40	441	4
40	471	1
40	562	3
40	592	2
40	608	2
40	1060	5
40	1211	5
40	1248	4
40	1260	4
40	1279	3
40	1304	4
40	1354	5
40	1405	3
40	1407	3
40	1500	1
40	1617	3
40	1625	5
40	1639	1
40	1641	2
40	1682	4
40	1704	5
40	1717	2
40	1747	4
40	1779	2
40	1840	5
40	1876	2
40	1882	2
40	1892	4
40	1923	3
40	1961	4
40	2076	4
40	2126	2
40	2289	4
40	2294	4
40	2321	3
40	2324	5
40	2329	5
40	2353	4
40	2396	4
40	2416	2
40	2571	4
40	2683	3
40	2699	1
40	2702	2
40	2710	4
40	2762	4
40	2858	3
40	2908	5
40	2959	4
40	3006	4
40	3078	3
40	3104	3
40	3246	4
40	3408	3
40	3512	3
40	3521	3
40	3535	3
40	3536	4
40	3543	5
40	3552	3
40	3578	5
40	3608	3
40	3617	1
40	3618	3
40	3717	2
41	4	2
41	58	5
41	85	4
41	154	4
41	446	3
41	527	4
41	538	4
41	593	4
41	608	4
41	832	3
41	898	4
41	912	5
41	913	4
41	923	4
41	953	5
41	969	5
41	986	5
41	1084	4
41	1097	5
41	1101	5
41	1213	4
41	1225	4
41	1230	4
41	1231	5
41	1234	5
41	1247	5
41	1265	5
41	1270	4
41	1272	5
41	1292	5
41	1293	4
41	1302	4
41	1357	4
41	1537	5
41	1580	4
41	1672	4
41	1721	5
41	1914	5
41	1931	4
41	1948	3
41	1949	4
41	1957	4
41	1962	4
41	1964	4
41	1997	2
41	2352	4
41	2585	4
41	2770	4
41	2797	5
41	2836	1
41	2858	5
41	2863	4
41	2917	4
41	2929	4
41	2969	5
41	3098	5
41	3100	3
41	3255	3
41	3296	3
42	31	4.5
42	111	4
42	260	4.5
42	296	4.5
42	355	1
42	541	4
42	593	5
42	745	5
42	903	4
42	904	4
42	908	3.5
42	910	2
42	913	4
42	1059	3.5
42	1061	3
42	1088	3
42	1092	4
42	1148	5
42	1193	4
42	1196	4.5
42	1198	4.5
42	1201	4
42	1203	3.5
42	1207	4
42	1234	5
42	1250	3
42	1256	3
42	1262	3.5
42	1267	4
42	1271	4
42	1372	5
42	1569	5
42	1918	3.5
42	1945	3.5
42	2019	4
42	2278	4.5
42	2407	3.5
42	2571	4
42	2858	4.5
42	3255	4
42	3256	4.5
42	3468	4.5
42	3717	4
42	3755	4.5
42	3911	4
42	4226	4.5
42	4993	4.5
42	5952	4.5
42	7153	4.5
42	7361	4.5
42	58559	4.5
43	28	4.5
43	150	3.5
43	232	4
43	260	3.5
43	261	5
43	277	0.5
43	296	4
43	318	4
43	344	2
43	356	5
43	367	2.5
43	480	2.5
43	531	4.5
43	588	3
43	595	3.5
43	613	4
43	648	3.5
43	780	3.5
43	830	5
43	838	5
43	919	3
43	1073	2
43	1197	4.5
43	1198	4
43	1270	2.5
43	1278	3.5
43	1287	3
43	1291	4
43	1293	3
43	1302	2
43	1680	5
43	1704	4.5
43	1721	3
43	1722	3
43	1923	3.5
43	1962	4
43	2125	5
43	2161	0.5
43	2359	5
43	2396	5
43	2571	4
43	2572	5
43	2628	2.5
43	2716	2.5
43	2881	4
43	2918	4
43	2959	4.5
43	3079	4.5
43	3082	3.5
43	3578	4
43	3623	4
43	3793	4
43	3996	4
43	4014	5
43	4246	4.5
43	4306	5
43	4308	4
43	4886	2.5
43	5013	3.5
43	5349	2
43	5380	5
43	5418	4
43	5816	3.5
43	5952	2.5
43	6218	3.5
43	6333	4
43	6365	1.5
43	6377	4.5
43	6539	4.5
43	6711	5
43	6874	4
43	6942	4.5
43	7155	4
43	7361	3.5
43	7438	3.5
43	8636	0.5
43	8943	3.5
43	8970	4
43	30749	4
43	32587	3.5
43	40629	3
43	41571	3.5
43	43560	3
43	44191	5
43	51834	3
43	60069	4
43	62293	3.5
44	260	4
44	296	4
44	349	4
44	595	4
44	720	5
44	858	5
44	904	4
44	908	4
44	920	4
44	953	5
44	1035	4
44	1136	5
44	1172	5
44	1197	4
44	1198	5
44	1201	5
44	1208	4
44	1259	4
44	1387	2
44	1961	5
44	2115	4
44	2401	4
44	3421	4
44	3678	4
44	3764	4
44	4246	3
44	4534	5
44	4790	5
44	4993	5
44	4995	5
44	5246	3
44	5464	4
44	5816	5
45	318	1.5
45	353	2
45	551	4.5
45	904	2
45	908	3
45	912	2.5
45	920	4
45	922	4
45	923	2
45	926	4
45	927	4.5
45	1035	2
45	1148	3
45	1207	3
45	1230	1
45	1252	4
45	1500	3.5
45	1653	2.5
45	2054	0.5
45	2186	3.5
45	2291	4
45	2302	1.5
45	2321	3
45	2502	4
45	2640	0.5
45	3475	2
45	3548	5
45	3897	3.5
45	3977	2
45	4801	3.5
45	4920	4
45	4973	4
45	5135	4.5
45	5878	4
45	6331	3
45	6867	4
45	7139	3.5
45	7153	3
45	8228	2.5
45	8607	4
45	33166	3
45	33639	3
45	45440	4
45	47610	3.5
46	5	3
46	6	2
46	11	4
46	21	5
46	25	5
46	32	3
46	36	5
46	39	3
46	45	5
46	47	3
46	50	4
46	52	5
46	57	4
46	58	4
46	62	4
46	64	1
46	65	1
46	95	3
46	102	3
46	111	4
46	122	1
46	125	5
46	141	5
46	144	4
46	150	3
46	156	4
46	157	4
46	162	4
46	171	4
46	176	5
46	185	3
46	186	3
46	194	4
46	195	3
46	203	2
46	206	5
46	208	3
46	223	5
46	224	3
46	225	1
46	231	1
46	232	4
46	233	5
46	234	4
46	235	5
46	246	5
46	248	3
46	253	3
46	256	2
46	265	4
46	272	4
46	275	3
46	282	2
46	288	3
46	292	3
46	296	5
46	300	5
46	305	4
46	312	3
46	315	1
46	316	2
46	322	5
46	333	2
46	337	4
46	339	3
46	342	3
46	344	4
46	345	4
46	348	4
46	350	3
46	351	3
46	356	3
46	357	5
46	360	2
46	367	3
46	370	4
46	372	5
46	378	4
46	380	1
46	413	3
46	417	3
46	420	3
46	433	1
46	434	2
46	435	3
46	440	4
46	442	3
46	445	4
46	454	3
46	457	3
46	466	4
46	475	3
46	480	3
46	489	1
46	500	3
46	508	4
46	514	5
46	520	3
46	527	5
46	529	4
46	532	3
46	538	5
46	539	4
46	542	3
46	543	4
46	587	4
46	597	3
46	608	5
46	627	1
46	708	4
46	736	3
46	742	4
46	778	4
46	780	3
46	830	3
46	833	3
46	1043	3
46	1054	3
46	1366	4
46	1425	2
46	1459	2
46	1580	4
47	1	1
47	34	0.5
47	47	3
47	88	4.5
47	110	3
47	208	2
47	231	0.5
47	253	3
47	262	2
47	292	3.5
47	296	4
47	303	3
47	318	3.5
47	344	1
47	356	1.5
47	364	1
47	367	0.5
47	383	0.5
47	480	3.5
47	593	4
47	597	0.5
47	608	4.5
47	733	0.5
47	736	1.5
47	780	2.5
47	1013	2
47	1073	3
47	1136	4
47	1197	5
47	1210	3
47	1265	3
47	1580	1
47	1721	2.5
47	2301	5
47	2719	1
47	2762	2.5
47	2857	2.5
47	2858	3
47	3157	0.5
47	3186	3
47	3301	0.5
47	3360	0.5
47	3396	4
47	3893	1.5
47	4002	4
47	4023	0.5
47	4306	3.5
47	4993	4.5
47	5952	4
47	66130	3.5
48	6	4
48	14	3
48	17	4
48	25	5
48	43	5
48	47	4
48	50	5
48	52	4
48	62	4
48	94	4
48	110	4
48	111	4
48	141	3
48	144	4
48	151	4
48	171	3
48	223	3
48	230	3
48	232	4
48	246	4
48	247	4
48	249	4
48	260	4
48	265	3
48	272	4
48	296	5
48	307	3
48	318	5
48	319	4
48	326	4
48	357	4
48	369	4
48	373	4
48	380	3
48	412	4
48	417	3
48	428	4
48	431	4
48	452	3
48	468	4
48	475	3
48	497	4
48	509	3
48	515	4
48	527	5
48	529	4
48	534	3
48	535	3
48	541	3
48	590	4
48	593	5
48	608	4
48	648	2
48	708	3
48	720	4
48	750	4
48	780	3
48	800	5
48	830	3
48	852	4
48	858	5
48	919	4
48	923	4
48	924	4
48	1035	4
48	1073	4
48	1077	4
48	1079	4
48	1080	3
48	1089	4
48	1090	5
48	1094	5
48	1097	5
48	1103	4
48	1136	4
48	1150	5
48	1161	4
48	1172	5
48	1183	5
48	1193	4
48	1196	3
48	1197	4
48	1198	4
48	1199	3
48	1200	3
48	1206	3
48	1208	5
48	1210	3
48	1211	5
48	1213	5
48	1214	3
48	1221	5
48	1224	4
48	1225	5
48	1233	5
48	1240	3
48	1246	4
48	1250	4
48	1259	3
49	50	5
49	163	3.5
49	216	3
49	296	5
49	333	3
49	475	4.5
49	527	3.5
49	593	4
49	610	4
49	785	3.5
49	849	2.5
49	1093	3
49	1129	3
49	1198	4
49	1203	4
49	1213	4
49	1339	3
49	1358	4
49	2019	4.5
49	2302	3
49	2541	3.5
49	2571	4
49	2858	3.5
49	2985	4
49	4226	4
49	4310	3.5
49	5618	4
49	7502	5
49	58559	4
49	79132	4.5
50	32	4
50	39	3.5
50	47	4
50	150	3.5
50	215	5
50	296	5
50	308	4
50	318	4
50	319	3
50	344	2
50	356	4.5
50	357	4
50	372	5
50	497	4
50	539	4
50	541	4
50	551	4
50	589	4.5
50	590	3.5
50	593	4
50	597	3.5
50	608	4
50	910	3.5
50	912	5
50	923	3.5
50	924	5
50	1080	5
50	1094	4
50	1097	4
50	1136	5
50	1183	4
50	1193	4.5
50	1206	4
50	1208	4.5
50	1246	4.5
50	1259	5
50	1270	5
50	1279	4.5
50	1282	4
50	1354	4
50	1387	4
50	1391	3.5
50	1407	3
50	1527	4
50	1584	4
50	1635	4
50	1721	4
50	1884	5
50	2019	4
50	2081	4.5
50	2145	5
50	2174	4
50	2291	5
50	2571	4
50	2692	4
50	2710	2
50	2762	4
50	2843	4
50	2858	4
50	2959	5
50	2976	4.5
50	2997	4
50	3147	3
50	3148	4
50	3578	4
50	3863	3.5
50	3949	5
50	3996	5
50	4022	3
50	4235	4
50	4306	4
50	4886	4.5
50	4973	5
50	5618	5
50	5878	5
50	5952	4
50	6104	4
50	6539	4
50	6711	5
50	6874	5
50	7147	4
50	7153	4
50	7361	5
50	7365	4
50	7438	5
50	8638	5
50	8784	3
50	8983	4
50	27266	4
50	27721	3.5
50	30707	3.5
50	30810	5
50	31658	4
50	33166	3.5
50	36276	3
50	36529	5
50	48043	3.5
50	48394	5
50	48516	4.5
51	19	3
51	47	5
51	50	5
51	70	3
51	231	5
51	296	5
51	318	5
51	344	5
51	367	4
51	463	2
51	592	4
51	593	4
51	608	4
51	784	4
51	999	4
51	1079	4
51	1089	4
51	1091	3
51	1129	3
51	1179	3
51	1196	5
51	1197	5
51	1198	4
51	1200	4
51	1213	3
51	1214	2
51	1220	5
51	1247	4
51	1257	4
51	1259	4
51	1270	3
51	1291	4
51	1297	4
51	1377	4
51	1378	4
51	1394	4
51	1407	5
51	1461	2
51	1500	4
51	1562	3
51	1573	3
51	1616	4
51	1617	3
51	1620	3
51	1663	4
51	1682	5
51	1717	4
51	1721	5
51	1729	3
51	1805	5
51	1912	3
51	1918	4
51	1923	5
51	1961	5
51	1968	5
51	2000	4
51	2001	4
51	2002	3
51	2005	2
51	2011	2
51	2012	3
51	2054	3
51	2088	2
51	2100	2
51	2109	4
51	2115	4
51	2134	4
51	2174	2
51	2268	5
51	2371	5
51	2372	4
51	2375	2
51	2378	3
51	2387	2
51	2395	3
51	2405	3
51	2406	3
51	2416	2
51	2421	1
51	2422	1
51	2423	5
51	2447	4
51	2455	3
51	2457	3
51	2463	4
51	2468	2
51	2470	3
51	2471	3
51	2473	4
51	2478	4
51	2616	4
51	2628	5
51	2643	1
51	2716	4
51	2717	2
51	2735	2
51	2762	5
51	2763	4
51	2791	4
51	2794	3
51	2795	5
51	2817	1
52	19	3
52	34	4
52	110	4
52	111	3
52	160	3
52	253	3
52	266	4
52	296	3
52	356	3
52	364	3
52	380	4
52	410	4
52	435	3
52	454	4
52	457	4
52	480	5
52	588	3
52	590	3
52	592	2
52	593	2
53	1	4
53	21	5
53	29	5
53	32	4
53	41	4
53	50	5
53	58	5
53	62	1
53	78	3
53	100	4
53	114	4
53	124	5
53	149	5
53	159	3
53	162	5
53	175	4
53	213	5
53	229	5
53	230	5
53	232	5
53	263	4
53	272	3
53	296	3
53	299	3
53	309	5
53	314	3
53	316	1
53	318	3
53	326	4
53	334	4
53	337	4
53	342	5
53	345	5
53	385	4
53	446	5
53	471	2
53	472	5
53	480	3
53	488	5
53	509	3
53	515	4
53	527	4
53	535	4
53	549	5
53	562	4
53	570	4
53	573	4
53	583	5
53	601	4
53	608	5
53	678	4
53	705	5
53	720	5
53	722	4
53	766	3
53	778	4
53	800	5
53	806	5
53	837	4
53	848	2
53	850	5
53	858	4
53	904	5
53	912	3
53	913	5
53	923	5
53	924	4
53	969	5
53	991	4
53	994	5
53	1041	5
53	1050	5
53	1058	4
53	1077	4
53	1084	4
53	1094	4
53	1095	5
53	1096	5
53	1097	5
53	1114	4
53	1124	3
53	1131	3
53	1132	3
53	1150	3
53	1172	5
53	1175	5
53	1179	4
53	1183	4
53	1185	4
53	1187	4
53	1189	5
53	1192	5
53	1193	4
53	1198	3
53	1203	5
53	1207	5
53	1208	5
53	1217	5
53	1219	5
53	1221	4
53	1225	5
53	1227	3
53	1228	3
53	1233	4
53	1234	4
53	1244	5
53	1245	4
53	1247	5
53	1251	4
53	1256	3
53	1263	3
53	1271	5
53	1272	3
53	1273	5
53	1276	4
53	1279	5
53	1280	3
53	1287	2
53	1296	4
53	1299	5
53	1300	5
53	1305	5
53	1333	5
53	1354	4
53	1358	3
53	1366	4
53	1394	5
53	1406	3
53	1415	3
53	1446	4
53	1480	4
53	1486	4
53	1511	5
53	1533	5
53	1537	5
53	1542	5
53	1545	4
53	1580	5
53	1584	3
53	1594	4
53	1611	5
53	1617	4
53	1633	2
53	1635	5
53	1639	2
53	1641	5
53	1649	5
53	1650	3
53	1660	4
53	1676	1
53	1682	4
53	1694	5
53	1695	3
53	1701	4
53	1711	5
53	1719	5
53	1721	2
53	1734	5
53	1747	5
53	1784	3
53	1788	5
53	1810	3
53	1834	4
53	1846	5
53	1860	5
53	1871	4
53	1904	5
53	1913	5
53	1914	4
53	1945	5
53	1952	5
53	1953	5
53	1955	3
53	1957	3
53	1961	3
53	1962	4
53	2009	5
53	2028	2
53	2065	5
53	2067	3
53	2069	4
53	2076	3
53	2132	5
53	2243	4
53	2272	5
53	2323	4
53	2324	5
53	2352	3
53	2357	4
53	2391	4
53	2396	5
53	2400	4
53	2439	5
53	2481	5
53	2489	4
53	2524	1
53	2682	5
53	2716	3
53	2728	2
53	2732	4
53	2734	3
53	2858	4
53	2929	3
53	2931	5
53	2938	4
53	2943	5
54	1	4
54	2	3
54	5	3
54	6	3
54	10	4
54	11	5
54	16	2
54	17	2
54	18	3
54	20	3
54	21	2
54	22	3
54	25	2
54	32	5
54	34	2
54	36	5
54	39	2
54	47	4
54	50	4
54	52	4
54	70	4
54	89	4
54	95	2
54	110	5
54	111	3
54	122	2
54	125	3
54	135	2
54	150	3
54	153	4
54	160	3
54	161	4
54	163	4
54	165	5
54	185	3
54	186	3
54	195	2
54	196	4
54	204	2
54	223	5
54	225	4
54	235	3
54	236	3
54	249	2
54	252	3
54	260	4
54	272	2
54	288	1
54	292	5
54	296	5
54	300	2
54	303	4
54	306	1
54	316	3
54	318	5
54	329	4
54	337	3
54	339	4
54	344	1
54	348	3
54	349	4
54	350	3
54	356	5
54	357	3
54	360	2
54	367	4
54	368	3
54	370	3
54	377	4
54	379	4
54	380	4
54	410	3
54	426	2
54	435	3
54	440	4
54	442	4
54	454	4
54	457	5
54	474	4
54	479	4
54	480	5
54	494	4
54	517	2
54	527	5
54	539	4
54	540	3
54	541	3
54	543	4
54	544	2
54	551	3
54	552	4
54	562	2
54	581	4
54	585	3
54	586	3
54	587	4
54	589	5
54	590	5
54	592	5
54	593	5
54	597	3
54	608	5
54	612	2
54	640	2
54	648	3
54	671	2
54	695	3
54	708	3
54	719	3
54	733	4
54	736	4
54	748	4
54	750	3
54	780	5
54	785	3
54	786	4
54	788	3
54	798	2
54	799	4
54	800	3
54	830	2
54	832	5
54	836	2
54	838	2
54	849	3
54	858	5
54	861	4
54	866	4
54	885	2
54	921	2
54	924	2
54	968	4
54	994	3
54	1003	3
54	1005	3
54	1013	3
54	1017	4
54	1025	3
54	1028	3
54	1036	5
54	1041	3
54	1042	3
54	1047	3
54	1049	3
54	1073	3
54	1077	4
54	1079	4
54	1081	3
54	1082	4
54	1084	4
54	1088	3
54	1089	5
54	1090	4
54	1091	2
54	1092	3
54	1097	5
54	1101	4
54	1113	3
54	1120	4
54	1124	5
54	1127	4
54	1128	4
54	1129	3
54	1130	4
54	1135	3
54	1136	4
54	1148	3
54	1173	1
54	1179	2
54	1186	4
54	1196	4
54	1197	5
54	1198	5
54	1200	5
54	1201	4
54	1203	4
54	1204	4
54	1207	4
54	1210	3
54	1213	3
54	1214	5
54	1215	4
54	1219	4
54	1221	4
54	1228	3
54	1230	3
54	1234	4
54	1240	5
54	1242	5
54	1246	3
54	1247	5
54	1252	4
54	1258	3
54	1259	4
54	1265	3
54	1267	4
54	1270	5
54	1272	2
54	1275	4
54	1278	4
54	1286	5
54	1288	5
54	1291	5
54	1292	2
54	1297	3
54	1299	3
54	1302	5
54	1304	5
54	1307	4
54	1320	4
54	1321	4
54	1327	3
54	1331	3
54	1333	4
54	1343	4
54	1345	4
54	1347	4
54	1353	3
54	1356	5
54	1358	5
54	1361	4
54	1367	3
54	1370	5
54	1371	4
54	1372	4
54	1373	3
54	1374	5
54	1375	4
54	1376	5
54	1377	4
54	1385	4
54	1387	5
54	1388	3
54	1391	3
54	1393	5
54	1395	4
54	1396	4
54	1401	2
54	1405	2
54	1407	3
54	1408	4
54	1409	3
54	1414	3
54	1422	3
54	1427	2
54	1438	4
54	1459	3
54	1466	3
54	1479	2
54	1485	4
54	1487	3
54	1488	3
54	1499	3
54	1513	3
54	1515	3
54	1517	4
54	1518	4
54	1527	4
54	1541	2
54	1544	3
54	1552	3
54	1556	1
54	1562	3
54	1566	4
54	1569	2
54	1573	4
54	1580	4
54	1584	4
54	1587	4
54	1590	3
54	1591	3
54	1594	3
54	1597	3
54	1598	1
54	1603	4
54	1608	4
54	1610	3
54	1614	2
54	1616	4
54	1617	5
54	1620	4
54	1625	4
54	1626	2
54	1627	2
54	1633	3
54	1639	3
54	1641	4
54	1643	4
54	1653	3
54	1661	3
54	1663	3
54	1674	4
54	1676	4
54	1680	3
54	1683	2
54	1690	3
54	1694	2
54	1701	4
54	1702	2
54	1717	2
54	1719	2
54	1722	4
54	1729	4
54	1732	3
54	1752	3
54	1754	4
54	1777	2
54	1779	3
54	1784	1
54	1801	4
54	1805	3
54	1831	4
54	1841	2
54	1845	2
54	1848	3
54	1876	5
54	1881	3
54	1883	4
54	1888	1
54	1892	4
54	1894	3
54	1909	4
54	1911	3
54	1912	3
54	1917	4
54	1920	3
54	1923	4
54	1947	3
54	1950	3
54	1952	5
54	1953	3
54	1954	5
54	1955	5
54	1956	3
54	1957	1
54	1959	2
54	1963	4
54	1967	3
54	1968	3
54	1970	2
54	1974	3
54	1975	2
54	1982	3
54	1983	3
54	1984	3
54	1991	4
54	1994	4
54	1995	3
54	1996	2
54	1997	5
54	2001	4
54	2002	3
54	2003	4
54	2005	4
54	2006	4
54	2009	3
54	2011	4
54	2012	4
54	2013	4
54	2015	4
54	2021	1
54	2026	2
54	2028	5
54	2034	2
54	2053	3
54	2054	4
54	2056	4
54	2058	3
54	2064	3
54	2067	3
54	2071	5
54	2072	3
54	2088	2
54	2094	4
54	2100	4
54	2105	3
54	2108	3
54	2109	3
54	2110	4
54	2115	4
54	2118	4
54	2119	2
54	2124	4
54	2126	3
54	2132	4
54	2133	4
54	2134	3
54	2143	3
54	2144	4
54	2148	3
54	2149	2
54	2153	1
54	2160	5
54	2161	4
54	2163	4
54	2170	3
54	2173	2
54	2174	4
54	2193	3
54	2194	4
54	2243	2
54	2245	4
54	2248	3
54	2252	3
54	2253	3
54	2255	3
54	2259	3
54	2263	3
54	2264	4
54	2278	3
54	2279	2
54	2288	5
54	2291	3
54	2300	4
54	2301	3
54	2311	3
54	2321	4
54	2324	3
54	2336	4
54	2344	3
54	2346	4
54	2352	4
54	2353	3
54	2355	4
54	2367	4
54	2369	3
54	2371	3
54	2374	3
54	2376	3
54	2378	3
54	2379	2
54	2382	1
54	2383	2
54	2385	2
54	2390	2
54	2391	5
54	2393	4
54	2396	2
54	2399	3
54	2401	4
54	2405	3
54	2406	4
54	2407	4
54	2408	3
54	2409	4
54	2410	4
54	2411	2
54	2412	2
54	2413	3
54	2416	3
54	2419	4
54	2420	5
54	2421	4
54	2422	3
54	2424	3
54	2427	3
54	2428	4
54	2439	1
54	2449	2
54	2450	2
54	2455	5
54	2457	4
54	2458	2
54	2463	4
54	2467	4
54	2468	2
54	2469	4
54	2470	4
54	2471	3
54	2475	3
54	2478	3
54	2496	3
54	2501	3
54	2513	3
54	2518	3
54	2520	4
54	2521	3
54	2522	3
54	2524	5
54	2526	3
54	2527	4
54	2528	4
54	2529	4
54	2537	2
54	2551	3
54	2561	3
54	2567	3
54	2568	1
54	2571	5
54	2581	3
54	2599	3
54	2605	3
54	2616	3
54	2617	4
54	2628	3
54	2640	5
54	2641	5
54	2642	1
54	2643	4
54	2659	4
54	2668	4
54	2671	4
54	2683	4
54	2688	2
54	2694	2
54	2699	4
54	2701	2
54	2706	2
54	2707	4
54	2717	3
54	2718	3
54	2719	3
54	2722	3
54	2723	3
54	2724	2
54	2728	4
54	2735	3
54	2746	3
54	2762	5
54	2763	3
54	2770	3
54	2779	5
54	2787	4
54	2791	5
54	2792	3
54	2794	2
54	2795	4
54	2797	4
54	2802	2
54	2803	4
54	2804	5
54	2819	4
54	2826	3
54	2840	3
54	2851	3
54	2852	3
54	2857	4
54	2858	5
54	2863	4
54	2871	5
54	2872	4
54	2877	4
54	2881	4
54	2889	2
54	2890	5
54	2908	3
54	2915	4
54	2916	4
54	2917	4
54	2918	4
54	2922	3
54	2942	4
54	2944	4
54	2946	5
54	2947	5
54	2948	4
54	2949	4
54	2950	2
54	2951	3
54	2968	4
54	2985	4
54	2987	5
54	2989	3
54	2990	4
54	2991	4
54	2993	4
54	2997	4
54	3005	4
54	3006	5
54	3016	4
54	3017	3
54	3029	4
54	3033	3
54	3037	5
54	3039	4
54	3040	3
54	3041	2
54	3052	3
54	3068	4
54	3072	3
54	3074	3
54	3082	3
54	3087	3
54	3098	4
54	3101	4
54	3102	4
54	3107	3
54	3108	2
54	3113	3
54	3114	5
54	3129	1
54	3147	4
54	3148	2
54	3152	3
54	3174	3
54	3175	4
54	3176	3
54	3178	4
54	3194	4
54	3197	3
54	3198	2
54	3203	4
54	3204	3
54	3206	3
54	3210	3
54	3219	4
54	3244	4
54	3247	4
54	3251	3
54	3253	4
54	3255	4
54	3256	3
54	3264	3
54	3274	3
54	3285	3
54	3296	4
54	3301	2
54	3308	3
54	3354	4
54	3361	5
54	3362	4
54	3363	4
54	3384	5
54	3386	5
54	3387	3
54	3388	3
54	3401	3
54	3403	3
54	3420	4
54	3421	4
54	3438	2
54	3445	3
54	3448	4
54	3450	3
54	3451	4
54	3469	5
54	3471	5
54	3479	4
54	3481	2
54	3489	2
54	3501	3
54	3504	3
54	3505	4
54	3507	4
54	3508	4
54	3524	4
54	3526	5
54	3527	5
54	3529	3
54	3536	3
54	3551	4
54	3552	4
54	3578	4
54	3591	4
54	3608	3
54	3623	4
54	3633	3
54	3634	4
54	3635	3
54	3638	2
54	3649	3
54	3654	3
54	3671	5
54	3681	3
54	3683	3
54	3685	4
54	3686	3
54	3697	4
54	3698	3
54	3699	4
54	3701	4
54	3702	3
54	3704	3
54	3706	3
54	3708	3
54	3710	3
54	3712	4
54	3724	4
54	3727	4
54	3733	5
54	3735	3
54	3740	4
54	3751	4
54	3760	4
54	3763	4
54	3769	4
54	3771	4
54	3784	4
54	3793	4
54	3812	4
54	3826	3
54	3827	4
54	3836	4
54	3863	3
54	3868	5
54	3869	4
54	3877	2
54	3884	2
54	3897	3
54	3927	4
54	3937	3
54	3952	5
54	3959	5
54	3977	3
54	3984	3
54	4002	5
54	4005	4
54	4007	4
54	4009	3
54	5060	4
55	110	4
55	203	2
55	260	5
55	457	4
55	480	4
55	858	5
55	940	4
55	969	4
55	1196	5
55	1197	3
55	1198	5
55	1200	4
55	1221	5
55	1240	4
55	1287	5
55	1374	4
55	1387	5
55	1721	5
55	1923	3
55	1939	3
55	1954	5
55	2028	5
55	2194	3
55	2529	4
55	2795	4
55	2944	4
55	2947	5
55	2948	4
55	2951	4
55	3062	4
56	11	3
56	16	3
56	25	4
56	36	3
56	39	3
56	45	3
56	47	4
56	50	5
56	69	4
56	110	5
56	125	5
56	161	2
56	164	3
56	177	2
56	180	3
56	186	2
56	215	3
56	223	4
56	246	5
56	266	4
56	293	3
56	296	5
56	318	5
56	322	2
56	356	4
56	366	3
56	368	1
56	380	3
56	441	4
56	457	2
56	497	2
56	501	3
56	527	3
56	529	4
56	555	5
56	593	5
56	608	4
56	628	4
56	647	2
56	648	4
56	714	2
56	724	4
56	778	4
56	799	3
56	912	5
56	991	3
56	1036	5
56	1059	5
56	1060	5
56	1061	3
56	1089	5
56	1090	4
56	1094	4
56	1095	5
56	1127	3
56	1179	4
56	1196	5
56	1200	3
56	1208	5
56	1210	3
56	1213	5
56	1222	4
56	1227	4
56	1237	5
56	1240	4
56	1242	4
56	1245	3
56	1250	4
56	1263	5
56	1265	3
56	1266	5
56	1298	4
56	1299	3
56	1339	3
56	1342	3
56	1393	5
56	1411	4
56	1488	1
56	1542	4
56	1594	3
56	1617	4
56	1625	3
56	1639	4
56	1641	3
56	1645	4
56	1673	3
56	1674	4
56	1676	3
56	1704	5
56	1784	2
56	1912	3
56	1923	5
56	1944	5
56	2028	3
56	2167	3
56	2288	4
56	2289	3
56	2291	3
56	2321	3
56	2322	4
56	2327	4
56	2329	4
56	2355	3
56	2396	4
56	2401	4
56	2427	2
56	2478	3
56	2502	4
56	2700	4
56	2710	4
56	2762	5
56	2858	3
56	2883	2
56	2890	3
56	2912	5
56	2917	4
56	2956	2
56	2959	1
56	2997	3
56	3006	3
56	3101	3
56	3102	4
56	3105	2
56	3147	4
56	3148	4
56	3160	4
56	3174	3
56	3176	3
56	3180	3
56	3186	3
56	3203	3
56	3261	3
56	3285	3
56	3298	2
56	3316	1
56	3326	2
56	3355	4
56	3358	4
56	3408	4
56	3426	4
56	3448	3
56	3452	3
56	3481	3
56	3505	4
56	3509	3
56	3535	5
56	3578	4
56	3617	3
56	3623	4
56	3685	3
56	3706	5
56	3717	1
56	3753	3
56	3793	2
56	3827	3
56	3897	4
56	3910	3
56	3916	4
56	3948	3
56	3978	2
56	3994	4
56	3996	5
56	4011	2
56	4020	4
56	4034	3
56	4041	5
56	4043	5
56	4061	2
56	4148	3
56	4153	3
56	4226	3
56	4228	3
56	4238	3
56	4239	2
56	4701	3
56	4718	2
56	4720	2
56	4734	4
56	5060	5
57	31	3.5
57	432	3.5
57	480	5
57	520	3
57	590	5
57	733	4
57	919	4.5
57	1101	4
57	1250	4
57	1276	4.5
57	1304	5
57	1408	5
57	1517	2.5
57	2005	4.5
57	2329	4.5
57	2502	4.5
57	3753	3.5
57	3793	3
57	4022	4
57	4027	4
57	4306	4.5
57	5952	3.5
57	6947	5
57	7458	4
58	1	5
58	6	4.5
58	11	4.5
58	16	4
58	21	5
58	32	5
58	34	5
58	36	4
58	45	3.5
58	47	5
58	50	5
58	79	4
58	89	4
58	110	5
58	111	5
58	151	5
58	161	4
58	162	5
58	163	3
58	165	5
58	170	4
58	172	3.5
58	185	4
58	190	4
58	194	4.5
58	207	3
58	208	1
58	218	1.5
58	223	4.5
58	224	4
58	225	4
58	230	5
58	231	4
58	233	3.5
58	235	3.5
58	246	3.5
58	247	3.5
58	253	5
58	265	4
58	266	4
58	272	5
58	273	4
58	282	3
58	288	5
58	292	4
58	293	3
58	296	5
58	300	4
58	303	2.5
58	314	3.5
58	315	3
58	316	3
58	317	3.5
58	318	5
58	322	3.5
58	337	4
58	342	4
58	348	4.5
58	349	5
58	350	4
58	353	4
58	356	4.5
58	357	4.5
58	361	4.5
58	367	5
58	373	5
58	376	4
58	377	5
58	380	4
58	382	4
58	426	4
58	427	3
58	428	4
58	431	3.5
58	434	3
58	440	5
58	448	4
58	454	4
58	455	4.5
58	457	5
58	468	4
58	474	5
58	480	4
58	481	5
58	485	0.5
58	500	3.5
58	508	3.5
58	509	4
58	512	5
58	517	3.5
58	527	5
58	531	4
58	539	5
58	540	2
58	541	5
58	543	3
58	551	5
58	552	3.5
58	553	4.5
58	555	4
58	586	1
58	587	5
58	589	5
58	590	4.5
58	593	5
58	608	5
58	628	5
58	661	4
58	678	5
58	733	4
58	736	4
58	745	5
58	748	4
58	750	5
58	780	2
58	785	4.5
58	786	4
58	800	5
58	802	5
58	805	4
58	832	4.5
58	852	4.5
58	858	5
58	898	3
58	903	5
58	904	5
58	908	5
58	913	5
58	920	5
58	922	5
58	923	5
58	924	5
58	950	5
58	953	5
58	954	5
58	965	5
58	968	4
58	969	4.5
58	994	5
58	1020	4
58	1027	3
58	1036	5
58	1079	3
58	1080	3
58	1081	5
58	1084	4.5
58	1086	5
58	1088	4
58	1089	5
58	1090	5
58	1092	5
58	1093	4
58	1094	4
58	1095	4
58	1096	4
58	1097	4.5
58	1101	3.5
58	1104	4.5
58	1124	4
58	1127	3
58	1129	3
58	1130	3
58	1136	4
58	1148	5
58	1172	4.5
58	1175	4.5
58	1179	5
58	1186	3
58	1193	4.5
58	1194	2
58	1197	4
58	1198	4
58	1199	4
58	1200	4
58	1201	5
58	1203	4.5
58	1206	5
58	1207	5
58	1208	5
58	1212	5
58	1213	5
58	1214	5
58	1217	4.5
58	1219	5
58	1221	5
58	1222	4
58	1225	4
58	1227	5
58	1228	5
58	1230	5
58	1231	3.5
58	1233	5
58	1234	5
58	1237	4.5
58	1238	4
58	1240	5
58	1242	4
58	1244	5
58	1247	5
58	1249	5
58	1250	4.5
58	1252	5
58	1258	5
58	1259	4.5
58	1262	4.5
58	1263	4
58	1264	5
58	1265	5
58	1266	5
58	1267	5
58	1271	2.5
58	1272	5
58	1275	4
58	1276	5
58	1278	5
58	1285	4
58	1288	4
58	1291	3
58	1292	3.5
58	1296	5
58	1299	5
58	1302	4.5
58	1303	4.5
58	1304	5
58	1320	4.5
58	1321	5
58	1329	5
58	1333	5
58	1339	4.5
58	1342	2
58	1343	5
58	1344	5
58	1345	5
58	1347	3
58	1350	5
58	1354	4
58	1357	4
58	1358	5
58	1370	4
58	1378	3
58	1387	5
58	1391	3.5
58	1393	4
58	1394	4
58	1396	3.5
58	1407	2.5
58	1408	4
58	1441	4
58	1449	3.5
58	1459	4.5
58	1479	3.5
58	1480	4
58	1485	4
58	1517	4
58	1518	4
58	1527	5
58	1544	4
58	1552	4
58	1573	4
58	1580	4
58	1586	4.5
58	1597	5
58	1603	5
58	1608	4.5
58	1610	4
58	1615	3
58	1617	5
58	1625	3.5
58	1635	4.5
58	1639	4
58	1641	4.5
58	1645	4
58	1653	4.5
58	1674	5
58	1678	3.5
58	1682	3.5
58	1687	3
58	1693	4
58	1704	5
58	1711	3.5
58	1721	4
58	1729	4.5
58	1747	3.5
58	1748	4
58	1779	3
58	1784	5
58	1834	4
58	1882	2.5
58	1883	2.5
58	1884	3
58	1894	3
58	1909	3.5
58	1917	2
58	1921	4.5
58	1923	4.5
58	1945	5
58	1953	5
58	1954	5
58	1956	4
58	1957	4
58	1958	4
58	1959	4
58	1960	4.5
58	1961	4
58	1962	4.5
58	1965	4
58	1968	1
58	1994	4
58	1997	5
58	2000	3.5
58	2003	3
58	2009	3
58	2019	5
58	2020	4
58	2021	4
58	2023	4
58	2028	5
58	2053	3
58	2054	3
58	2065	4.5
58	2076	5
58	2097	4
58	2108	4
58	2116	5
58	2118	5
58	2120	4
58	2122	1
58	2139	4
58	2150	4
58	2160	5
58	2161	4
58	2174	4.5
58	2176	5
58	2178	4
58	2182	4
58	2184	5
58	2186	5
58	2193	3.5
58	2194	3
58	2202	4
58	2243	5
58	2245	4.5
58	2248	3.5
58	2268	4
58	2278	4
58	2288	5
58	2289	5
58	2291	4.5
58	2302	4
58	2313	4
58	2321	3.5
58	2329	4
58	2340	5
58	2344	4
58	2346	4
58	2349	4
58	2352	4
58	2366	5
58	2369	4.5
58	2384	4
58	2391	4
58	2396	4.5
58	2406	3.5
58	2407	4.5
58	2420	4
58	2421	2
58	2455	5
58	2459	4
58	2468	3
58	2469	4
58	2470	4
58	2474	3.5
58	2490	4
58	2501	3.5
58	2517	4
58	2527	4
58	2542	5
58	2550	4
58	2551	5
58	2571	5
58	2616	3.5
58	2617	4
58	2640	4.5
58	2644	5
58	2648	5
58	2664	5
58	2671	5
58	2672	4
58	2683	4.5
58	2686	4.5
58	2692	5
58	2699	4
58	2701	1
58	2702	3
58	2707	4
58	2710	4
58	2712	4
58	2716	4
58	2726	4
58	2729	4
58	2730	5
58	2739	4
58	2746	3.5
58	2761	4.5
58	2762	5
58	2770	4
58	2780	3
58	2791	4
58	2797	4.5
58	2803	3.5
58	2804	3.5
58	2819	5
58	2840	4
58	2858	4.5
58	2871	5
58	2872	4
58	2890	3
58	2900	5
58	2901	4
58	2908	4.5
58	2912	4
58	2916	5
58	2917	5
58	2944	4.5
58	2951	4
58	2952	5
58	2959	5
58	2968	3.5
58	2973	5
58	2976	4
58	2982	3
58	2985	4
58	2987	5
58	2997	4.5
58	3005	2
58	3006	4
58	3018	5
58	3019	4
58	3037	5
58	3052	3
58	3072	5
58	3081	4
58	3098	4.5
58	3100	4.5
58	3101	5
58	3104	5
58	3105	4
58	3107	3.5
58	3108	3.5
58	3113	2
58	3114	4.5
58	3147	5
58	3160	4
58	3168	4.5
58	3173	3
58	3175	4.5
58	3176	4
58	3203	5
58	3204	4
58	3247	3
58	3249	5
58	3252	5
58	3253	4.5
58	3254	5
58	3255	4.5
58	3256	4
58	3257	4
58	3260	4.5
58	3263	3
58	3267	4
58	3317	4.5
58	3328	3
58	3360	4.5
58	3361	4
58	3363	4.5
58	3386	4
58	3408	4
58	3418	4
58	3424	4
58	3435	5
58	3438	1.5
58	3448	3
58	3468	5
58	3471	5
58	3476	5
58	3481	4
58	3489	1
58	3499	5
58	3504	4.5
58	3505	4
58	3510	3
58	3513	3
58	3527	3
58	3534	2
58	3535	3.5
58	3536	4
58	3546	3
58	3550	4
58	3552	4.5
58	3555	3
58	3566	5
58	3576	4
58	3624	3
58	3676	5
58	3683	5
58	3686	3
58	3699	4
58	3702	4.5
58	3704	3
58	3706	5
58	3708	4
58	3740	3
58	3751	4.5
58	3752	1
58	3753	3
58	3755	4
58	3763	4
58	3770	4
58	3793	3
58	3798	4
58	3810	2
58	3863	5
58	3893	4
58	3911	5
58	3917	4
58	3932	5
58	3952	4
58	3986	4
58	3994	4.5
58	3996	5
58	4002	3.5
58	4007	4.5
58	4008	3.5
58	4011	5
58	4014	4.5
58	4016	3
58	4018	4
58	4019	4
58	4022	2
58	4025	3
58	4027	5
58	4030	4
58	4034	4
58	4037	4
58	4061	4
58	4082	4
58	4083	5
58	4084	2
58	4085	2
58	4086	5
58	4128	3
58	4148	4
58	4223	4.5
58	4226	5
58	4246	4
58	4262	4
58	4270	3
58	4299	2
58	4305	4
58	4308	3.5
58	4310	2
58	4318	5
58	4321	3
58	4326	3
58	4327	5
58	4333	4
58	4339	5
58	4349	5
58	4361	5
58	4370	3.5
58	4407	4
58	4410	5
58	4424	4
58	4425	1
58	4435	4
58	4436	2
58	4447	4.5
58	4480	4
58	4496	5
58	4553	5
58	4571	2.5
58	4629	2
58	4633	3
58	4638	4.5
58	4665	4
58	4670	5
58	4690	3
58	4720	4.5
58	4734	3.5
58	4744	1
58	4754	3
58	4776	3
58	4803	5
58	4808	3
58	4809	4
58	4811	5
58	4833	4
58	4835	4
58	4838	5
58	4848	4.5
58	4855	5
58	4862	3
58	4865	5
58	4901	4
58	4932	5
58	4956	3
58	4975	4.5
58	4993	5
58	5010	5
58	5029	4
58	5054	4
58	5060	5
58	5266	4
58	5299	3.5
58	5349	4
58	5377	3
58	5388	4
58	5418	5
58	5445	4.5
58	5464	4
58	5481	4
58	5673	3.5
58	5679	4.5
58	5902	4.5
58	5952	5
58	5956	4.5
58	6218	5
58	6323	4.5
58	6365	5
58	6373	3.5
58	6502	4
58	6537	4.5
58	6539	4.5
58	6565	4.5
58	6711	4
58	6807	4
58	6863	4
58	6870	5
58	6874	5
58	6934	4.5
58	7090	5
58	7143	5
58	7147	4
58	7153	5
58	7361	4.5
58	7438	5
58	8464	4.5
58	8622	4.5
58	8636	4
58	8644	3.5
58	8665	5
58	8784	4.5
58	8798	4
58	8949	4.5
58	30707	5
58	32587	4.5
58	33794	5
59	1	4.5
59	50	4
59	318	4.5
59	333	2
59	342	4.5
59	355	1
59	356	4
59	471	3.5
59	585	1
59	858	4.5
59	1094	3
59	1172	4.5
59	1230	4
59	1242	4
59	1265	3.5
59	1278	4
59	1302	4
59	1408	3
59	1747	3
59	2003	1.5
59	2100	4
59	2407	3.5
59	2890	2.5
59	3255	3
59	3911	4
60	31	4
60	157	4.5
60	256	2
60	277	2.5
60	296	3.5
60	318	4.5
60	364	4.5
60	441	4.5
60	527	4.5
60	531	3.5
60	585	1.5
60	593	3.5
60	720	3.5
60	724	3
60	745	4
60	1073	4.5
60	1136	4.5
60	1148	4
60	1193	4.5
60	1197	5
60	1198	3
60	1201	3.5
60	1207	4.5
60	1243	3
60	1285	4.5
60	1345	3
60	1367	3
60	1967	5
60	2009	4.5
60	2085	4
60	2150	4.5
60	2273	1
60	2324	4.5
60	2694	1
60	2858	4
60	2871	2.5
60	2959	4
60	4312	4.5
60	4643	3
60	4896	4.5
60	4993	4
60	5816	5
60	5829	4.5
60	5952	4
60	6016	5
60	6955	4.5
60	7153	4
60	7256	4
60	7324	4
60	7361	4
60	8368	5
60	8645	4.5
60	26760	5
60	33358	5
60	36517	4
60	40815	5
60	40870	5
60	41566	4.5
60	45722	5
60	50912	4.5
60	53125	4.5
60	54001	5
60	55247	5
60	58559	3
60	69844	5
60	70102	4.5
60	71282	5
60	71462	4
60	79132	4
60	81834	5
60	88125	5
60	91500	5
61	4	3
61	31	3.5
61	39	5
61	44	1.5
61	47	4
61	141	3.5
61	147	4
61	170	3
61	193	0.5
61	215	2
61	231	3
61	256	0.5
61	261	1
61	296	4.5
61	327	0.5
61	339	2.5
61	344	0.5
61	356	3
61	364	4.5
61	380	0.5
61	407	4.5
61	441	5
61	457	2.5
61	480	3.5
61	500	3.5
61	588	4
61	593	4.5
61	648	3.5
61	724	0.5
61	778	5
61	1027	2.5
61	1042	1
61	1059	3.5
61	1089	4
61	1136	5
61	1197	3.5
61	1206	5
61	1270	3.5
61	1393	3
61	1519	4
61	1549	0.5
61	1605	3.5
61	1673	4
61	1721	1.5
61	1729	4
61	1732	4.5
61	1895	3.5
61	1916	5
61	1921	4.5
61	2026	3.5
61	2080	4
61	2144	4.5
61	2291	3.5
61	2329	4
61	2369	0.5
61	2395	5
61	2424	2.5
61	2445	3
61	2447	1
61	2500	2.5
61	2502	4.5
61	2549	0.5
61	2572	4
61	2683	2.5
61	2702	3.5
61	2710	2
61	2719	2.5
61	2797	3.5
61	2836	4
61	2858	3.5
61	2959	3.5
61	3261	4.5
61	3408	3.5
61	3438	3
61	3439	3
61	3481	4.5
61	3671	3.5
61	3793	4
61	3897	4
61	3911	4
61	3949	4.5
61	4018	2.5
61	4027	3.5
61	4034	4
61	4148	3
61	4226	4.5
61	4239	4.5
61	4246	5
61	4367	3.5
61	4448	4
61	4700	3
61	4816	4.5
61	4878	4
61	4973	5
61	4993	5
61	5080	3.5
61	5324	2
61	5349	4
61	5377	4.5
61	5418	4
61	5502	0.5
61	5582	3
61	5666	3
61	5952	5
61	6016	4.5
61	6223	3.5
61	6333	4
61	6384	4
61	6502	4.5
61	6539	4.5
61	6707	1.5
61	6710	4
61	6711	1.5
61	6754	3.5
61	6886	3
61	6942	4
61	7153	5
61	7317	3
61	7346	3.5
61	7361	5
61	7444	3.5
61	7451	4
61	7460	3.5
61	8366	4
61	8464	2.5
61	8528	2.5
61	8663	5
61	8783	1
61	8784	4.5
61	8808	0.5
61	8874	4
61	8910	4
61	27020	3
61	27788	3.5
61	27879	4
61	31221	2
61	31696	2
61	33085	4
61	33136	4
61	33794	4
61	34162	3.5
61	35836	4.5
61	39414	4.5
61	39427	4
61	40581	3
61	40583	4
61	40732	4
61	40959	3
61	41569	3.5
61	41571	3.5
61	41573	2.5
61	42009	1.5
61	43708	4.5
61	43932	3
61	44191	4.5
61	44397	3
61	45361	2
61	45447	3
61	45499	3.5
61	45501	1.5
61	45720	3.5
61	45722	4
61	45880	2
61	46578	4
61	46976	4
61	47423	3.5
61	47640	3
61	47810	0.5
61	47970	2.5
61	47976	2.5
61	48043	4
61	48082	4.5
61	48385	4
61	48394	5
61	48516	3.5
61	48774	3.5
61	49528	2.5
61	50442	4
61	50802	0.5
61	50804	1.5
61	51255	4.5
61	52668	3
61	52867	0.5
61	52973	4
61	53894	5
61	53953	2
61	54272	4
61	54503	4
61	55118	3.5
61	55269	5
61	55276	3
61	55280	3.5
61	55282	4
61	55820	4
62	170	5
62	218	5
62	277	4
62	318	5
62	342	4
62	345	4.5
62	608	4.5
62	785	3.5
62	1088	3.5
62	1275	4
62	1285	5
62	1673	3.5
62	2140	5
62	2150	5
62	2407	4.5
62	2724	3.5
62	2871	4
62	2908	5
62	3255	4
62	3911	4
62	3949	4.5
62	4973	4.5
62	5618	4.5
62	7293	5
62	66934	5
62	86833	3.5
62	87192	5
63	41	4
63	110	3
63	155	4
63	356	4
63	389	3
63	527	5
63	750	5
63	897	4
63	912	5
63	920	5
63	969	5
63	976	1
63	1050	5
63	1090	4
63	1177	5
63	1183	5
63	1192	4
63	1196	5
63	1204	5
63	1208	4
63	1210	5
63	1217	4
63	1222	4
63	1224	5
63	1233	5
63	1234	5
63	1242	5
63	1250	4
63	1262	4
63	1263	4
63	1272	3
63	1299	5
63	1304	5
63	2028	5
63	2402	1
63	2404	1
63	2427	4
63	2609	5
63	2677	5
63	2763	5
63	2858	4
63	2890	3
63	2941	4
63	2972	5
63	3035	4
63	3062	4
63	3066	4
63	3091	4
63	5060	5
64	47	5
64	110	5
64	150	5
64	153	5
64	168	4
64	185	5
64	231	1
64	253	5
64	288	4
64	292	5
64	316	4
64	318	5
64	329	5
64	339	4
64	344	3
64	349	5
64	356	4
64	364	5
64	367	3
64	377	4
64	434	3
64	454	5
64	457	4
64	480	5
64	500	3
64	527	5
64	588	4
64	589	4
64	590	5
64	592	5
64	595	5
64	736	5
65	24	4
65	318	5
65	356	5
65	364	4.5
65	443	4
65	480	3
65	541	4
65	588	5
65	1148	3.5
65	1197	2
65	1235	5
65	1250	2.5
65	1271	4.5
65	1348	3.5
65	1653	4
65	1688	2
65	1704	3.5
65	1801	2.5
65	1921	3.5
65	2114	4
65	2138	5
65	2232	4.5
65	2312	2
65	2313	3
65	2324	4.5
65	2367	2.5
65	2431	3.5
65	2528	3.5
65	2571	2
65	2642	1.5
65	2692	4.5
65	2953	2.5
65	2959	3.5
65	2997	4.5
65	3083	5
65	3107	4
65	3146	1.5
65	3555	4
65	3882	2
65	3910	4.5
65	4226	4
65	4370	3.5
65	4380	5
65	4703	4
65	4973	5
65	5225	4
65	5445	3.5
65	5502	4.5
65	5608	4.5
65	5995	4.5
65	7361	4.5
65	7451	2
65	8874	4.5
65	27376	4
65	27866	4
65	33903	4.5
65	40870	4
65	41569	3
65	44193	1.5
65	44195	2
65	44555	4.5
65	46578	5
65	48082	4.5
65	48394	4
65	53123	4
65	54734	1.5
65	55247	5
65	58652	5
65	59387	5
65	60069	5
65	60766	4.5
65	63082	5
65	64957	5
65	70286	4
65	71462	3.5
65	72998	3.5
65	76093	4
65	79132	4
66	1	4
66	21	5
66	34	4
66	110	5
66	112	4
66	223	5
66	232	4
66	288	3
66	322	4
66	329	2
66	340	1
66	356	5
66	380	4
66	434	3
66	480	2
66	543	3
66	589	4
66	590	4
66	733	4
66	736	2
66	745	5
66	1148	5
66	1175	5
66	1210	4
66	1223	5
66	1233	5
66	1236	4
66	1500	4
66	1552	4
66	1573	3
66	1580	4
66	1641	4
66	1676	3
66	1747	4
66	1784	4
66	1794	3
66	1916	2
66	1917	3
66	1923	4
66	2028	5
66	2302	3
66	2324	5
66	2356	4
66	2396	5
66	2485	3
66	2571	4
66	2580	4
66	2628	3
66	2692	4
66	2700	4
66	2858	5
66	2916	3
67	10	4
67	25	5
67	39	3
67	69	4
67	110	4
67	151	5
67	260	5
67	357	3
67	380	4
67	541	4
67	590	5
67	616	3
67	708	4
67	733	5
67	750	5
67	912	5
67	914	3
67	924	4
67	976	4
67	1073	3
67	1079	3
67	1080	4
67	1127	4
67	1136	5
67	1196	4
67	1197	5
67	1198	5
67	1206	5
67	1210	5
67	1214	4
67	1215	5
67	1247	5
67	1253	4
67	1259	4
67	1261	3
67	1265	3
67	1274	4
67	1275	5
67	1291	3
67	1301	5
67	1304	5
67	1307	3
67	1375	4
67	1376	4
67	1379	4
67	1394	5
67	1580	4
67	1615	5
67	1961	5
67	2005	2
67	2020	3
67	2043	3
67	2108	3
67	2116	4
67	2193	3
67	2406	4
67	2495	4
67	2502	4
67	2571	5
67	2587	2
67	2791	4
67	2871	4
67	2968	5
67	2987	3
67	3070	4
67	5060	5
68	10	4
68	19	3
68	34	5
68	150	3
68	153	3
68	158	3
68	185	3
68	195	4
68	208	4
68	231	3
68	237	3
68	248	3
68	256	3
68	261	4
68	276	3
68	282	4
68	296	4
68	300	3
68	316	3
68	329	3
68	333	3
68	337	5
68	339	3
68	344	4
68	348	4
68	432	3
68	435	4
68	468	4
68	588	3
68	590	5
68	592	3
68	595	3
69	1	4
69	5	3
69	6	4
69	9	3
69	10	3
69	11	3
69	12	3
69	15	1
69	16	3
69	18	3
69	19	4
69	20	2
69	21	3
69	22	3
69	25	3
69	32	5
69	39	2
69	44	3
69	45	1
69	47	5
69	50	4
69	62	3
69	63	3
69	70	4
69	79	1
69	81	3
69	88	3
69	94	3
69	95	3
69	104	3
69	107	3
69	110	3
69	111	4
69	112	3
69	122	3
69	125	4
69	135	2
69	145	4
69	147	4
69	150	3
69	153	3
69	160	3
69	163	4
69	165	4
69	168	3
69	172	1
69	173	2
69	175	3
69	177	3
69	180	3
69	185	1
69	186	3
69	188	3
69	196	3
69	203	2
69	208	1
69	216	3
69	223	3
69	231	3
69	234	1
69	235	2
69	248	3
69	252	3
69	253	4
69	260	5
69	265	1
69	266	4
69	273	1
69	288	3
69	293	3
69	296	4
69	303	1
69	306	4
69	307	4
69	308	4
69	312	2
69	316	3
69	317	2
69	318	4
69	327	3
69	330	1
69	332	3
69	333	3
69	338	2
69	339	3
69	342	3
69	344	4
69	349	3
69	353	4
69	355	1
69	356	4
69	357	3
69	364	4
69	367	3
69	368	1
69	370	3
69	372	3
69	377	2
69	379	3
69	380	4
69	383	3
69	384	3
69	410	3
69	413	1
69	417	3
69	419	2
69	423	3
69	426	3
69	427	3
69	429	3
69	440	3
69	441	3
69	454	3
69	457	4
69	464	3
69	466	3
69	471	4
69	473	2
69	474	4
69	479	2
69	480	4
69	482	3
69	485	3
69	494	3
69	500	3
69	519	3
69	520	3
69	533	2
69	539	3
69	540	3
69	543	3
69	544	3
69	546	1
69	550	3
69	551	4
69	552	2
69	553	3
69	555	4
69	585	3
69	586	3
69	587	3
69	588	4
69	589	5
69	590	3
69	592	4
69	593	4
69	595	3
69	596	4
69	597	3
69	606	2
69	608	3
69	637	1
69	648	4
69	653	2
69	661	4
69	662	3
69	663	3
69	673	3
69	688	1
69	694	3
69	708	3
69	719	4
69	724	3
69	731	3
69	733	4
69	735	3
69	736	3
69	743	2
69	747	2
69	748	3
69	762	3
69	778	4
69	780	4
69	784	4
69	785	3
69	786	3
69	788	3
69	799	3
69	818	3
69	829	3
69	836	3
69	839	1
69	842	3
69	849	3
69	861	3
69	880	2
69	881	2
69	891	3
69	953	3
69	990	3
69	999	3
69	1025	3
69	1029	3
69	1036	4
69	1037	3
69	1047	4
69	1059	3
69	1073	4
69	1079	4
69	1080	4
69	1088	3
69	1089	4
69	1090	4
69	1091	1
69	1092	3
69	1097	3
69	1101	3
69	1126	3
69	1136	4
69	1193	5
69	1196	5
69	1197	3
69	1198	5
69	1199	3
69	1200	4
69	1206	5
69	1208	4
69	1210	5
69	1213	5
69	1215	5
69	1222	5
69	1231	3
69	1240	4
69	1242	4
69	1246	3
69	1258	5
69	1259	3
69	1261	5
69	1265	4
69	1266	3
69	1270	3
69	1275	4
69	1276	3
69	1278	4
69	1282	4
69	1285	4
69	1291	5
69	1302	3
69	1307	3
69	1333	3
69	1336	2
69	1339	5
69	1345	3
69	1347	3
69	1356	5
69	1370	4
69	1371	1
69	1372	3
69	1373	1
69	1374	4
69	1375	3
69	1376	3
69	1377	3
69	1378	4
69	1379	4
69	1382	3
69	1385	3
69	1387	3
69	1391	4
69	1394	3
69	1407	4
69	1429	3
69	1441	3
69	1461	3
69	1476	3
69	1485	4
69	1488	3
69	1517	3
69	1527	5
69	1552	4
69	1562	1
69	4006	5
69	5060	5
70	6	5
70	10	2
70	16	5
70	70	4
70	89	3
70	110	3
70	111	4
70	165	1
70	288	5
70	296	5
70	318	4
70	329	1
70	353	4
70	368	2
70	377	2
70	380	2
70	428	2
70	479	3
70	480	3
70	493	4
70	494	1
70	507	3
70	527	4
70	548	1
70	555	5
70	589	4
70	593	4
70	608	3
70	733	2
70	736	1
70	778	4
70	780	2
70	806	3
70	858	5
70	886	2
70	1047	3
70	1060	5
70	1100	1
70	1193	4
70	1194	5
70	1213	5
70	1221	5
70	1247	4
70	1259	4
70	1263	3
70	1356	1
70	1358	3
70	1370	2
70	1377	1
70	1429	1
70	1466	4
70	1518	3
70	1527	1
70	1544	1
70	1552	1
70	1573	1
70	1580	3
70	1586	1
70	1608	2
70	1627	3
70	1636	4
70	1676	1
70	1690	2
70	1722	1
70	1752	1
70	1753	4
70	1762	1
70	1825	3
70	1833	1
70	1856	5
70	1916	4
70	1917	1
70	1918	1
70	1923	5
70	1961	4
70	2002	1
70	2006	1
70	2023	3
70	2028	4
70	2273	5
70	2278	3
70	2353	1
70	2393	1
70	2396	1
70	2427	2
70	2502	4
70	2542	3
70	2571	3
70	2599	4
70	2616	1
70	2617	1
70	2625	1
70	2712	3
70	2722	1
70	2763	2
70	2812	2
70	2858	5
70	2881	3
70	2890	3
70	2908	2
70	2916	2
70	2997	2
70	3082	1
70	3107	3
70	3165	3
70	3256	2
70	3274	3
70	3303	4
70	3386	4
70	3424	3
70	3438	1
70	3617	4
70	3989	5
70	4351	4
70	5027	3
70	5055	3
71	318	5
71	356	5
71	1704	5
71	1721	4.5
71	2019	4.5
71	2324	5
71	2959	5
71	3578	4.5
71	4022	5
71	4993	3
71	4995	5
71	5952	3.5
71	5989	5
71	7502	4.5
71	48516	4.5
71	49272	3.5
71	54286	4
71	58559	5
71	79132	5
71	89085	3.5
71	92259	5
71	104337	3.5
71	104841	5
71	104879	3.5
71	104944	4
71	106100	4
71	106766	5
71	106782	4
71	106916	4
71	106920	5
71	107069	4
71	107141	3.5
71	109374	5
71	109487	5
71	109673	4
71	110730	3.5
71	111360	3
71	111622	5
71	111921	4.5
71	112138	4
71	112290	5
71	112556	5
71	116797	3.5
71	117511	3
71	117590	3.5
72	19	3.5
72	32	5
72	34	4
72	58	4
72	95	3
72	110	5
72	150	4
72	236	4.5
72	253	3
72	296	5
72	337	4.5
72	356	4.5
72	357	4
72	380	5
72	420	0.5
72	500	4
72	508	5
72	541	5
72	586	2
72	590	4.5
72	593	5
72	597	2
72	608	5
72	788	0.5
72	919	4
72	924	4
72	953	4.5
72	1035	5
72	1079	3.5
72	1080	3
72	1081	5
72	1094	4
72	1101	3.5
72	1132	5
72	1136	4
72	1183	3
72	1185	4
72	1194	4
72	1197	5
72	1206	4
72	1208	4.5
72	1220	3.5
72	1222	4
72	1240	5
72	1265	5
72	1278	4
72	1387	4
72	1391	3.5
72	1483	5
72	1500	4
72	1552	3
72	1641	3.5
72	1682	4
72	1721	2
72	1784	5
72	1961	5
72	1965	4
72	1968	4
72	2000	3
72	2013	3
72	2136	0.5
72	2163	2
72	2268	4
72	2291	5
72	2302	5
72	2502	4
72	2528	5
72	2571	5
72	2657	3
72	2706	5
72	2716	4
72	2791	4
72	2858	5
72	2997	4
72	3508	4
72	3682	4
72	3735	4
72	3996	5
72	4022	4
72	4034	4
72	4062	3
72	4226	5
72	4705	5
72	4973	5
73	17	3
73	34	5
73	50	4
73	55	5
73	110	5
73	111	4
73	150	5
73	246	4
73	260	3
73	262	4
73	296	5
73	314	3
73	318	5
73	329	1
73	457	3
73	509	3
73	527	5
73	529	5
73	590	5
73	593	2
73	595	4
73	608	5
73	736	2
73	778	2
73	858	4
73	862	3
73	866	2
73	899	2
73	902	3
73	909	3
73	919	3
73	920	4
73	921	2
73	922	3
73	923	4
73	924	3
73	926	4
73	954	4
73	1036	4
73	1041	5
73	1060	4
73	1079	3
73	1084	5
73	1090	5
73	1097	4
73	1104	3
73	1131	3
73	1185	4
73	1187	5
73	1188	3
73	1193	5
73	1196	3
73	1197	5
73	1198	2
73	1199	1
73	1203	4
73	1207	5
73	1210	3
73	1213	5
73	1225	5
73	1228	5
73	1231	3
73	1233	3
73	1234	5
73	1244	2
73	1258	5
73	1259	3
73	1262	4
73	1265	4
73	1270	3
73	1272	3
73	1276	5
73	1286	3
73	1292	3
73	1293	5
73	1299	3
73	1300	3
73	1302	5
73	1303	4
73	1304	5
73	1307	5
73	1356	1
73	1358	4
73	1371	1
73	1372	1
73	1373	1
73	1374	1
73	1375	1
73	1376	1
73	1387	3
73	1394	2
73	1537	4
73	1617	4
73	1625	3
73	1663	3
73	1674	4
73	1721	2
73	1947	4
73	1956	5
73	1957	4
73	1958	4
73	1960	3
73	1962	2
73	1968	5
73	2028	5
73	2057	3
73	2064	3
73	2076	1
73	2081	3
73	2100	3
73	2118	3
73	2130	3
73	2144	3
73	2174	4
73	2240	3
73	2243	4
73	2248	3
73	2289	2
73	2313	5
73	2324	4
73	2329	3
73	2352	5
73	2355	4
73	2357	3
73	2359	5
73	2390	4
73	2391	4
73	2393	1
73	2436	3
73	2501	5
73	2565	5
73	2628	3
73	2686	3
73	2693	3
73	2716	2
73	2736	4
73	2739	2
73	2761	4
73	2762	5
73	2804	4
73	2858	4
73	2866	4
73	2883	4
73	2891	4
73	2917	5
73	2918	3
73	2929	5
73	2966	2
73	2996	2
73	2997	4
73	3007	3
73	3019	4
73	3039	3
73	3068	4
73	3071	3
73	3072	3
73	3098	3
73	3101	4
73	3105	3
73	3112	5
73	3156	3
73	3174	4
73	3175	4
73	3176	3
73	3198	4
73	3200	4
73	3203	3
73	3246	4
73	3359	3
73	3360	5
73	3361	2
73	3362	4
73	3363	5
73	3421	3
73	3424	4
73	3467	4
73	3475	4
73	3496	3
73	3499	5
73	3504	4
73	3526	3
73	3543	4
73	3668	5
73	3684	5
73	3730	4
73	3735	4
73	3741	3
74	25	5
74	36	4
74	58	5
74	229	4
74	260	4
74	262	4
74	337	4
74	608	5
74	778	4
74	800	4
74	858	5
74	903	5
74	904	4
74	910	5
74	912	4
74	913	5
74	930	5
74	949	4
74	1079	5
74	1090	4
74	1094	5
74	1104	4
74	1131	4
74	1172	5
74	1179	4
74	1185	5
74	1193	5
74	1196	4
74	1197	4
74	1198	4
74	1219	3
74	1221	4
74	1230	2
74	1231	5
74	1235	5
74	1247	5
74	1258	5
74	1259	4
74	1285	4
74	1288	5
74	1358	5
74	1617	4
74	1704	2
74	1957	4
74	1968	4
74	2073	3
74	2076	4
74	2313	5
74	2330	4
74	2762	5
74	2858	5
74	2890	4
74	2908	3
74	2966	4
74	2968	5
74	2997	5
74	3072	5
74	3083	4
74	3105	5
74	3210	5
74	3260	4
74	3328	3
74	3361	5
74	3418	5
74	3421	5
74	3424	2
74	3535	3
75	3	3
75	10	4
75	21	4
75	39	5
75	62	4
75	89	3
75	150	5
75	153	4
75	161	5
75	165	4
75	185	3
75	204	3
75	252	3
75	257	3
75	276	3
75	280	4
75	292	4
75	296	3
75	316	3
75	318	5
75	329	4
75	349	4
75	350	3
75	356	5
75	377	4
75	380	5
75	434	4
75	454	4
75	457	4
75	474	5
75	480	4
75	500	4
75	516	3
75	544	3
75	553	4
75	586	4
75	589	5
75	590	4
75	592	2
75	593	5
75	648	4
75	653	4
75	733	5
75	736	3
75	780	4
75	786	5
75	788	4
76	47	4
76	110	4
76	316	2
76	480	4
76	541	4
76	692	1
76	880	2
76	921	4
76	1036	4
76	1090	4
76	1097	4
76	1127	4
76	1197	4
76	1198	5
76	1200	4
76	1210	5
76	1224	4
76	1225	5
76	1231	4
76	1242	4
76	1246	4
76	1259	4
76	1274	3
76	1291	5
76	1293	4
76	1302	4
76	1307	4
76	1466	4
76	1584	3
76	1590	3
76	1591	1
76	1676	3
76	2028	4
76	2194	4
76	2355	4
76	2409	3
76	2571	4
76	2628	3
76	2683	3
76	2694	3
76	2716	3
76	2791	4
76	2792	4
76	2918	3
76	3071	4
76	3098	4
76	3360	4
76	3424	4
76	4047	5
77	19	2
77	32	3.5
77	44	1.5
77	70	3
77	158	2
77	256	1.5
77	260	4.5
77	333	2
77	344	2.5
77	410	3
77	541	5
77	585	0.5
77	588	3.5
77	596	4
77	741	4
77	750	5
77	912	4.5
77	924	5
77	1032	3.5
77	1064	2.5
77	1196	5
77	1200	4
77	1204	5
77	1206	4.5
77	1208	5
77	1210	4
77	1214	5
77	1217	4
77	1225	4
77	1233	4
77	1240	4.5
77	1258	4
77	1261	3
77	1274	5
77	1278	4
77	1281	5
77	1320	3.5
77	1348	4
77	1371	4.5
77	1372	4
77	1375	3.5
77	1376	4
77	1499	2
77	1592	0.5
77	1645	2.5
77	1688	3.5
77	1690	3
77	1732	4.5
77	1921	3.5
77	1997	4
77	2001	3
77	2010	4.5
77	2085	2.5
77	2124	3.5
77	2160	5
77	2161	4.5
77	2288	4
77	2294	2
77	2313	3.5
77	2329	4.5
77	2529	4
77	2539	2.5
77	2572	2.5
77	2716	4.5
77	2788	4
77	2791	4
77	2871	3.5
77	2947	4
77	3000	4.5
77	3030	4.5
77	3070	3
77	3175	3
77	3255	3.5
77	3363	4
77	3504	4.5
77	3527	4
77	3535	4
77	3578	4
77	3897	3
77	3928	3
77	4105	3.5
77	4370	3.5
77	5291	4.5
77	5618	5
77	5900	2
77	5952	4.5
77	6383	1.5
77	6502	3.5
77	6807	4.5
77	7153	4.5
77	7438	4.5
77	8810	1.5
77	27075	2
77	35836	2.5
77	48394	5
77	51662	3.5
77	54997	4
77	55282	3
77	55820	4
77	56949	2.5
78	29	4
78	110	3
78	170	4
78	198	5
78	260	5
78	316	3
78	380	3
78	480	4
78	508	4
78	541	5
78	589	4
78	653	4
78	1035	2
78	1073	5
78	1097	4
78	1127	4
78	1129	5
78	1196	5
78	1199	5
78	1206	4
78	1210	5
78	1249	2
78	1250	4
78	1259	3
78	1262	3
78	1291	4
78	1374	3
78	1375	4
78	1527	5
78	1552	3
78	1580	5
78	1676	5
78	1727	3
78	2005	2
78	2087	4
78	2135	2
78	2161	3
78	2193	5
78	2291	4
78	2455	3
78	2628	4
78	2822	4
78	2858	3
78	2872	3
78	2916	4
78	2968	3
78	3160	2
78	3241	5
78	3253	2
78	3357	2
78	3578	4
78	3751	1
78	3753	3
78	3793	3
78	3959	2
78	3984	3
79	110	4
79	497	4
79	593	4
79	858	4
79	912	3
79	1097	3
79	1270	3
79	1307	3
79	2747	3
79	3320	4
79	3408	4
79	3831	3
79	3967	5
79	3996	5
79	4011	3
79	4019	3
79	4144	4
79	4308	2
79	4628	4
79	4741	4
79	4896	3
79	4973	5
79	4993	5
79	5051	4
79	5246	3
80	1	3
80	3	3
80	7	3
80	36	4
80	62	4
80	74	4
80	102	3
80	140	3
80	141	4
80	260	5
80	376	4
80	608	4
80	648	3
80	708	4
80	719	2
80	780	2
80	832	4
80	837	3
80	1059	4
80	1073	4
80	1210	5
80	1353	3
80	1358	5
80	1393	5
80	1405	3
81	356	5
81	480	4
81	593	5
81	780	5
81	920	5
81	1090	5
81	1208	5
81	1222	5
81	1250	5
81	1262	5
81	1272	5
81	1586	5
81	2028	5
81	2268	4
81	2402	5
81	2571	5
81	2815	5
81	3101	4
81	3441	5
81	3624	3
81	3717	5
81	3755	4
81	3825	5
82	1	5
82	16	4.5
82	47	5
82	50	5
82	97	4.5
82	110	5
82	111	4.5
82	180	4
82	223	4.5
82	318	5
82	522	4
82	541	5
82	586	3.5
82	608	4.5
82	778	5
82	832	3.5
82	912	5
82	924	4.5
82	953	5
82	1147	3.5
82	1203	5
82	1208	4
82	1213	4.5
82	1222	4.5
82	1230	5
82	1246	4.5
82	1393	4
82	1394	3.5
82	1466	4.5
82	1542	4
82	1552	4
82	1573	4
82	1617	5
82	1687	4
82	1704	5
82	1732	4
82	1784	4.5
82	2010	5
82	2058	4.5
82	2194	5
82	2291	4.5
82	2329	5
82	2334	4
82	2427	5
82	2431	2.5
82	2542	3.5
82	2762	4.5
82	2959	4
82	2962	4
82	2966	4.5
82	3005	2.5
82	3052	3
82	3114	5
82	3147	5
82	3178	4
82	3246	4.5
82	3424	4.5
82	3538	3
82	3555	3.5
82	3578	5
82	3744	3
82	3821	1
82	3949	5
82	3967	4
82	3994	4.5
82	4011	4
82	4027	4.5
82	4034	3.5
82	4226	4.5
82	4251	3.5
82	4262	4.5
82	4306	4.5
82	4724	3.5
82	4734	3
82	4848	4.5
82	4979	4
82	4993	4
82	4995	4.5
82	5010	4
82	5134	2.5
82	5250	4.5
82	5349	4
82	5418	5
82	5464	4.5
82	5669	4
82	5679	3.5
82	5810	3
82	5952	4
82	5989	4.5
82	5995	4.5
82	6016	4.5
82	6337	4
82	6373	3
82	6502	4
82	6593	2
82	6618	4
82	6711	3
82	6863	3.5
82	6870	4.5
82	6874	4.5
82	7153	4
82	7156	5
82	7318	3.5
82	7325	3.5
82	7376	1
82	7438	5
82	7458	2.5
82	7502	5
82	8360	4
82	8361	2.5
82	8622	4
82	8636	3
82	8665	5
82	8781	3.5
82	8798	4
82	8874	3.5
82	8917	3
82	8961	4
82	26614	5
82	27359	2.5
82	27684	4
82	27790	3.5
82	27801	3.5
82	27821	2.5
82	27831	3
82	27846	5
82	30707	5
82	30749	4.5
82	30793	4
82	31878	4.5
82	33162	4
82	33166	4.5
82	33660	4.5
82	33794	5
82	35347	4
82	36276	4.5
82	37733	5
82	40583	4
82	41569	3.5
82	44191	5
82	45431	2.5
82	45728	3.5
82	46972	2.5
82	47610	4
82	48385	4.5
82	48394	4.5
82	48516	4.5
82	48738	4.5
82	48774	4.5
82	49530	4.5
82	49822	3
82	51255	5
82	51662	1.5
82	52952	5
82	53000	3
82	53121	2.5
82	53123	4.5
82	53883	5
82	53921	3.5
82	53953	2.5
82	54272	4
82	54286	5
82	54503	1.5
82	55052	3.5
82	55069	4
82	55071	4.5
82	55442	4.5
82	55805	4.5
82	55820	4.5
82	56339	4
82	56367	4
82	56587	2.5
82	56607	3
82	56782	5
82	57669	5
82	58191	4.5
82	58306	4.5
82	58559	4.5
82	59037	2.5
82	59141	4.5
82	59615	2
82	59684	4.5
82	60069	4.5
82	61132	2.5
82	61236	4.5
82	61240	4.5
82	61323	3.5
82	61705	3
82	61729	3
82	62374	3
82	62849	2.5
82	63062	4.5
82	63082	4.5
82	63859	3
82	64034	4
82	64614	5
82	64620	4
82	65261	4
82	65596	4.5
82	66509	3.5
82	67997	4.5
82	68194	4.5
82	68954	4.5
82	69481	4
82	69640	4
82	69784	3.5
82	70286	4
82	71156	3
82	71282	4.5
82	71379	2
82	71579	4.5
82	72011	3
82	72395	4
82	72641	2.5
82	72733	4
82	72998	2.5
82	73017	4
82	73101	4.5
82	73344	4.5
82	74683	4
82	74787	4
82	74795	4.5
82	76251	5
82	77800	4
82	77866	2.5
82	78499	5
82	78637	3.5
82	79132	5
82	79224	3.5
82	79293	2.5
82	79463	4
82	79677	5
82	79702	2.5
82	80463	4.5
82	81164	3.5
82	81562	4.5
82	81591	4
82	81817	4.5
82	81845	4.5
82	81932	3.5
82	82461	3
82	83132	3.5
82	83613	3
82	84116	4.5
82	84880	2
82	85354	4.5
82	85774	5
82	85881	4
82	86190	4
82	86332	3.5
82	86781	4.5
82	86833	3.5
82	86880	2
82	86898	5
82	87192	4.5
82	87222	3.5
82	87232	3.5
82	87306	3
82	87430	2
82	88140	2.5
82	88235	4.5
82	88744	4
82	89085	4.5
82	89118	5
82	89305	3.5
82	89580	4.5
82	89753	4.5
82	89759	5
82	89864	4.5
82	90866	4.5
83	50	4
83	163	3.5
83	282	2.5
83	293	4
83	296	5
83	337	3
83	342	3.5
83	593	4
83	608	4.5
83	1060	2.5
83	1197	4
83	1198	3.5
83	1258	5
83	1285	3.5
83	1288	4.5
83	1358	3.5
83	1380	4
83	1449	5
83	1485	2
83	1500	2.5
83	1732	3
83	1917	3
83	1968	3
83	2054	2.5
83	2248	5
83	2329	3.5
83	2406	3.5
83	2599	2.5
83	2762	4
83	2858	3.5
83	3499	4
83	3911	4.5
83	4027	3
83	4226	4
83	4993	5
83	5952	5
83	7153	5
84	1	5
84	24	4
84	44	4
84	150	5
84	153	4
84	165	5
84	174	3
84	185	5
84	196	5
84	208	3
84	231	3
84	253	5
84	288	3
84	316	4
84	317	3
84	325	4
84	329	3
84	337	3
84	344	3
84	350	4
84	367	5
84	380	4
84	410	5
84	420	3
84	432	4
84	434	4
84	435	4
84	440	4
84	457	5
84	520	4
84	553	4
84	588	5
84	590	5
84	592	3
84	595	4
84	736	5
85	17	4.5
85	262	4.5
85	596	3.5
85	899	5
85	904	4
85	911	5
85	912	4
85	916	5
85	919	3.5
85	933	4.5
85	945	5
85	950	5
85	1022	4
85	1025	4.5
85	1028	4
85	1029	4.5
85	1042	4.5
85	1080	4.5
85	1086	5
85	1104	4
85	1136	3.5
85	1197	3
85	1207	5
85	1224	4
85	1234	5
85	1243	4
85	1262	5
85	1280	4
85	1283	5
85	1293	4
85	1588	4
85	2078	4.5
85	2080	4.5
85	2081	4
85	2085	4.5
85	2087	4.5
85	2116	3.5
85	2144	2.5
85	2248	5
85	2622	3.5
85	3034	5
85	3097	5
85	3159	3
85	3578	5
85	3984	4
85	4025	4
85	4406	4
85	4701	4
85	4993	3.5
85	5952	3.5
85	6331	4
85	6787	4
85	7153	3.5
85	7215	4
85	7669	4
85	26614	4
85	27815	4.5
85	30749	4.5
85	48780	4.5
85	53123	3.5
85	58559	3.5
85	63082	5
85	78499	4.5
85	88125	5
85	88810	5
85	89745	4
85	92259	5
85	94959	1.5
85	97921	5
86	158	2
86	260	4.5
86	318	5
86	671	3
86	858	4
86	1120	4.5
86	1196	4
86	1198	4.5
86	1213	4
86	1221	4
86	1242	3
86	1270	4.5
86	1291	4
86	1299	3
86	1760	0.5
86	1909	3.5
86	2011	4
86	2012	4
86	2023	3
86	2028	4.5
86	2115	3
86	2329	4
86	2407	2
86	2413	3
86	2770	1
86	2949	4
86	2989	3
86	2991	3
86	3298	4.5
86	3498	4
86	3755	3
86	33794	4
86	48516	4
86	49272	4
86	54286	4
86	58559	4.5
86	59315	2.5
86	59615	3
86	60069	3.5
87	11	3
87	19	1
87	21	3
87	50	5
87	111	3
87	141	4
87	150	4
87	153	3
87	161	3
87	165	3
87	185	3
87	225	3
87	230	5
87	236	3
87	252	3
87	265	4
87	266	1
87	292	3
87	296	1
87	300	3
87	315	1
87	316	3
87	318	4
87	337	3
87	339	2
87	344	1
87	349	4
87	380	3
87	432	1
87	434	2
87	457	5
87	588	1
87	590	3
87	592	2
87	593	5
88	2	1
88	7	1
88	16	4
88	17	2.5
88	19	2
88	21	2.5
88	22	1
88	32	3.5
88	48	1.5
88	58	4
88	110	2.5
88	112	2
88	151	0.5
88	153	1
88	172	1
88	196	1
88	208	0.5
88	235	4
88	236	1
88	260	2.5
88	293	4
88	315	0.5
88	345	1.5
88	348	3.5
88	370	1
88	420	0.5
88	432	0.5
88	442	2
88	494	1
88	500	1.5
88	543	0.5
88	586	1.5
88	588	3
88	736	1
88	784	3
88	785	2
88	802	1
88	832	0.5
88	852	0.5
88	858	4.5
88	903	3
88	908	3
88	912	4
88	923	4
88	924	4
88	953	2
88	969	4
88	1073	3
88	1080	2
88	1089	0.5
88	1090	2.5
88	1101	0.5
88	1127	2
88	1207	4
88	1208	4.5
88	1210	3
88	1213	4.5
88	1222	3.5
88	1230	4
88	1240	3.5
88	1246	2.5
88	1266	5
88	1275	2.5
88	1288	3
88	1302	3
88	1304	3
88	1307	1.5
88	1370	1
88	1374	2
88	1375	2
88	1377	0.5
88	1387	3
88	1394	4
88	1517	2
88	1527	3
88	1544	2
88	1552	0.5
88	1584	1
88	1617	1.5
88	1641	2
88	1674	2
88	1676	1.5
88	1704	2
88	1721	1.5
88	1732	3.5
88	1784	2
88	1917	1.5
88	1923	2.5
88	2001	1.5
88	2006	0.5
88	2054	1
88	2302	2
88	2324	4
88	2527	3
88	2599	4.5
88	2617	1.5
88	2628	1.5
88	2683	2
88	2710	3.5
88	2797	0.5
88	2858	4.5
88	2959	3.5
88	2985	2.5
88	3044	2
88	3105	2
88	3168	3.5
88	3174	3
88	3210	2.5
88	3247	1.5
88	3254	0.5
88	3257	1
88	3285	1
88	3418	2.5
88	3438	1
88	3448	2.5
88	3452	2
88	3526	2.5
88	3534	1.5
88	3552	1.5
88	3623	1
88	3635	2
88	3639	2
88	3671	3
88	3686	2.5
88	3697	2.5
88	3702	4
88	3703	2.5
88	3755	0.5
88	3793	1.5
88	3809	0.5
88	3826	0.5
88	3868	2
88	3996	4
88	3999	1
88	4002	2.5
88	4034	2
88	4105	2.5
88	4121	1
88	4128	2.5
88	4226	3.5
88	4270	1
88	4306	2.5
88	4370	1.5
88	4447	1
88	4641	4.5
88	4718	1.5
88	4886	3
88	4963	1.5
88	4979	4.5
88	5010	3
88	5060	3
88	5218	2
88	5459	0.5
88	5669	0.5
88	5872	2
88	6537	2.5
88	6539	3
88	7981	3
88	8783	4.5
88	8798	1.5
88	8865	1
88	8866	1
88	8874	2
89	111	5
89	318	5
89	527	4
89	637	2
89	715	5
89	858	5
89	920	4
89	1093	4
89	1127	5
89	1219	3
89	1221	5
89	1911	3
89	1959	5
89	2023	5
89	2188	3
89	2324	5
89	2422	2
89	2433	3
89	2490	4
89	2492	2
89	2541	4
89	2568	3
89	2574	4
89	2598	3
89	2605	4
89	2606	2
89	2672	4
89	2676	4
89	2686	5
89	2707	5
89	2710	2
89	2712	4
89	2713	2
89	2715	3
89	2716	3
89	2719	3
89	2724	3
89	2734	4
89	2762	4
89	2770	2
89	2771	3
89	2805	3
89	2806	3
89	2826	4
89	2827	3
89	2840	4
89	2841	4
89	2858	4
89	2881	3
89	2882	3
89	2907	2
89	2961	3
89	2976	3
89	3004	3
89	3005	4
89	3053	3
89	3081	4
89	3160	4
89	3176	4
89	3238	3
89	3273	3
89	3298	4
89	3300	3
89	3483	3
89	3499	4
89	3537	4
89	3578	5
89	3593	2
89	3597	3
89	3617	3
89	3623	4
89	3635	3
89	3717	4
89	3753	4
89	3798	3
89	3826	2
89	3863	3
89	3865	2
89	3879	4
89	3895	4
89	3898	3
89	3906	4
89	3908	3
89	3909	3
89	3946	3
89	3948	5
89	3952	3
89	3956	4
89	3968	3
89	3972	3
89	4132	3
89	4148	5
89	4156	3
89	4166	3
89	4167	5
89	4200	2
89	4203	4
89	4214	1
89	4215	1
89	4223	5
89	4226	4
89	4234	4
89	4235	5
89	4238	3
89	4239	4
89	4240	4
89	4246	3
89	4247	2
89	4265	3
89	4267	2
89	4268	3
89	4270	3
89	4299	2
89	4305	3
89	4306	4
89	4340	2
89	4344	3
89	4367	4
89	4371	3
89	4386	3
89	4446	3
90	1	3.5
90	10	3.5
90	34	4
90	39	2
90	47	4.5
90	104	3
90	110	3
90	141	4
90	150	3.5
90	153	3
90	216	2
90	253	4.5
90	260	3.5
90	296	3.5
90	316	3.5
90	318	4
90	329	4.5
90	333	2
90	344	3.5
90	356	5
90	364	4.5
90	367	3.5
90	377	2.5
90	380	4.5
90	480	3.5
90	500	4
90	588	3
90	589	3
90	590	4.5
90	592	4
90	593	3.5
90	595	4.5
90	597	3.5
90	608	3.5
90	733	3.5
90	1196	3.5
90	1207	4
90	1210	4
90	1214	3.5
90	1291	4
90	1320	2
90	1356	4.5
90	1387	2.5
90	1393	3
90	1517	4.5
90	1552	3.5
90	1580	3.5
90	1721	2.5
90	1722	3.5
90	1777	3
90	1784	4
90	1876	3.5
90	1909	3
90	1917	3
90	1923	3
90	1968	3.5
90	2006	2.5
90	2012	4
90	2028	2.5
90	2054	3.5
90	2081	3
90	2114	2.5
90	2174	4
90	2321	4
90	2329	4.5
90	2355	3
90	2571	2
90	2628	3
90	2683	4
90	2700	4.5
90	2706	4.5
90	2710	3
90	2716	4
90	2762	4
90	2804	3.5
90	2858	5
90	2918	3
90	2959	2
90	2987	5
90	3052	3.5
90	3147	3
90	3418	2.5
90	3578	3.5
90	3623	2.5
90	3753	4.5
90	3793	4
90	3948	4
90	3977	3
90	4306	4.5
90	4886	4
90	4896	3.5
90	5237	3
90	5266	3.5
90	5267	2.5
90	5294	3.5
90	5296	1.5
90	5299	3.5
90	5303	2.5
90	5308	2.5
90	5309	3
90	5312	3
90	5313	3
90	5349	3
90	5378	3.5
90	5415	3.5
90	5445	3
90	5502	3.5
90	5669	3
90	5816	4.5
90	6333	4.5
90	6377	4
90	6874	4
90	7143	3
90	7438	4.5
90	8360	4
90	8368	5
90	8636	4.5
90	8961	3.5
90	31427	4.5
90	33166	4.5
90	33493	3.5
90	33794	4.5
90	35836	3
90	40815	3.5
90	40819	3.5
90	45499	4.5
90	49272	3.5
91	1	4
91	2	3.5
91	3	3
91	7	2.5
91	10	4
91	11	4
91	19	2
91	21	4
91	22	4
91	24	3.5
91	32	4
91	41	5
91	45	3.5
91	47	4
91	48	3.5
91	50	3.5
91	62	3.5
91	104	4
91	110	5
91	141	3.5
91	145	2.5
91	150	3.5
91	151	4
91	153	3
91	160	1
91	161	3.5
91	163	3
91	165	3.5
91	168	2.5
91	172	2.5
91	173	3
91	185	2.5
91	186	2.5
91	196	1.5
91	208	1.5
91	223	1.5
91	231	2
91	235	3.5
91	237	2.5
91	252	2.5
91	253	3
91	256	1.5
91	260	4.5
91	261	3.5
91	266	3.5
91	272	3.5
91	273	3
91	292	4
91	296	3.5
91	300	3.5
91	316	4
91	317	3.5
91	318	4
91	329	3.5
91	333	2.5
91	339	2.5
91	342	3.5
91	344	2.5
91	345	4
91	349	3
91	350	2.5
91	353	3.5
91	355	2.5
91	356	4
91	357	4.5
91	362	3.5
91	364	4.5
91	367	2.5
91	368	3.5
91	370	2.5
91	372	3.5
91	376	2.5
91	377	2.5
91	380	3
91	410	2.5
91	416	2
91	420	2.5
91	432	3
91	434	3
91	435	2.5
91	440	4
91	442	3
91	454	2
91	457	3.5
91	466	2
91	468	3.5
91	473	2
91	474	3.5
91	475	4.5
91	480	3.5
91	485	2
91	497	4
91	500	4
91	508	4.5
91	520	3
91	527	4.5
91	539	3.5
91	543	3
91	553	4.5
91	585	3
91	586	3
91	587	2.5
91	589	2.5
91	590	4.5
91	592	4
91	593	3
91	594	3.5
91	596	3
91	597	3
91	608	3.5
91	648	3
91	653	3.5
91	688	2.5
91	708	2
91	714	1
91	720	4
91	724	2.5
91	733	3.5
91	736	3
91	745	4
91	750	4
91	778	4
91	780	3
91	784	3.5
91	786	2.5
91	799	3.5
91	802	3
91	832	3.5
91	852	2.5
91	858	5
91	899	3
91	902	4.5
91	903	2.5
91	904	4.5
91	910	4.5
91	911	4.5
91	914	4
91	916	4
91	919	3.5
91	924	2.5
91	953	4.5
91	965	4
91	969	4
91	971	3.5
91	1022	3
91	1025	3.5
91	1028	3.5
91	1029	3.5
91	1032	3.5
91	1035	4
91	1047	2.5
91	1059	2.5
91	1073	4.5
91	1079	4
91	1080	4.5
91	1088	2.5
91	1089	2.5
91	1090	3.5
91	1094	3
91	1097	4
91	1101	2.5
91	1103	3.5
91	1120	2.5
91	1127	3
91	1129	3
91	1136	5
91	1147	4
91	1148	4
91	1172	5
91	1183	3.5
91	1188	3
91	1193	4
91	1196	5
91	1197	4.5
91	1198	5
91	1200	4
91	1206	5
91	1207	3.5
91	1208	4
91	1210	4.5
91	1213	3
91	1214	4
91	1219	4
91	1220	4.5
91	1221	4
91	1222	3.5
91	1223	4
91	1224	4.5
91	1225	3.5
91	1226	3
91	1228	1
91	1240	3
91	1242	4
91	1246	4.5
91	1247	3.5
91	1250	4
91	1257	4
91	1258	4.5
91	1262	4.5
91	1263	2.5
91	1265	4.5
91	1266	4
91	1267	4
91	1269	3.5
91	1270	4
91	1274	2.5
91	1275	4.5
91	1276	3.5
91	1278	3.5
91	1282	3.5
91	1285	3.5
91	1291	4.5
91	1292	4
91	1298	4.5
91	1302	3
91	1304	5
91	1307	4
91	1320	2.5
91	1321	2
91	1339	3
91	1343	3
91	1350	4.5
91	1356	3
91	1357	4
91	1358	3
91	1370	3
91	1377	3.5
91	1378	3.5
91	1380	4
91	1387	3.5
91	1391	2.5
91	1393	3
91	1396	4
91	1405	3
91	1407	2
91	1408	3.5
91	1466	2.5
91	1485	3
91	1517	4
91	1527	3.5
91	1544	2.5
91	1552	2.5
91	1573	2.5
91	1580	3.5
91	1584	4
91	1608	3
91	1610	3.5
91	1616	3.5
91	1617	3.5
91	1619	4
91	1625	3.5
91	1641	4
91	1645	2.5
91	1653	4.5
91	1673	2.5
91	1674	4
91	1676	3.5
91	1682	3.5
91	1690	2.5
91	1704	2.5
91	1721	3.5
91	1722	2.5
91	1729	3
91	1732	2
91	1747	2.5
91	1748	4
91	1760	2
91	1777	3.5
91	1784	4.5
91	1876	2.5
91	1907	3.5
91	1909	3
91	1912	3
91	1913	3
91	1917	2.5
91	1920	3
91	1923	2.5
91	1927	4
91	1953	3.5
91	1960	4
91	1961	3.5
91	1967	4
91	1968	4
91	1997	4.5
91	2000	2.5
91	2001	2.5
91	2003	2.5
91	2005	4
91	2006	3.5
91	2011	3.5
91	2012	3.5
91	2018	3
91	2019	4.5
91	2023	1
91	2028	4
91	2046	3.5
91	2054	3
91	2078	4
91	2083	3.5
91	2087	3
91	2100	3
91	2105	2.5
91	2106	4
91	2115	4.5
91	2116	3.5
91	2117	3
91	2138	4.5
91	2139	3.5
91	2140	4
91	2150	3
91	2161	2
91	2167	3
91	2174	2.5
91	2193	3.5
91	2194	4
91	2232	4.5
91	2278	4
91	2291	3.5
91	2294	3.5
91	2300	4
91	2302	3.5
91	2321	4
91	2324	3
91	2329	3.5
91	2336	3.5
91	2353	3
91	2355	4
91	2382	1.5
91	2393	3
91	2395	3.5
91	2396	3.5
91	2406	3
91	2407	3.5
91	2413	4
91	2414	3
91	2420	2.5
91	2421	2
91	2424	2.5
91	2427	4.5
91	2450	2
91	2454	3
91	2455	3
91	2467	4
91	2470	3.5
91	2476	3
91	2490	3.5
91	2502	4
91	2529	4
91	2542	4.5
91	2565	3.5
91	2571	3.5
91	2572	3.5
91	2580	2.5
91	2599	3.5
91	2617	3
91	2628	3
91	2640	4
91	2641	3.5
91	2657	4.5
91	2671	4
91	2683	4
91	2692	4
91	2699	2.5
91	2700	4
91	2701	3
91	2706	3.5
91	2710	3
91	2712	2
91	2716	3.5
91	2762	4
91	2763	2.5
91	2770	3
91	2788	3
91	2791	3
91	2797	3.5
91	2857	4
91	2858	4.5
91	2863	4.5